UserID,Sessions,TotalDemand,AverageDemand,AverageDuration,AverageStartHour,WeekendShare,Cluster
1,109,3912.6,35.8954128440367,334.1834862385321,11.394495412844037,0.23853211009174313,1
2,40,806.96,20.174,175.45,15.3,0.3,0
3,35,801.08,22.888,167.68571428571428,16.085714285714285,0.22857142857142856,0
4,170,2716.36,15.978588235294119,162.2,15.7,0.23529411764705882,1
5,2,29.0,14.5,419.5,16.5,0.0,0
6,53,2009.16,37.90867924528302,290.0,16.037735849056602,0.22641509433962265,1
7,73,1428.98,19.575068493150685,238.0,16.424657534246574,0.2602739726027397,1
8,124,1484.55,11.97217741935484,188.0,16.241935483870968,0.27419354838709675,1
9,180,2311.58,12.84211111111111,31.883333333333333,16.666666666666668,0.2777777777777778,1
10,19,260.15,13.692105263157893,129.0,12.736842105263158,0.631578947368421,0
11,106,1560.36,14.720377358490564,36.85849056603774,14.30188679245283,0.330188679245283,1
12,46,855.9,18.606521739130436,40.5,13.91304347826087,0.34782608695652173,0
13,63,1993.72,31.646349206349207,297.14285714285717,16.142857142857142,0.3492063492063492,1
14,32,572.52,17.89125,95.25,14.5625,0.09375,0
15,217,1854.88,8.547834101382488,152.61290322580646,15.138248847926267,0.2488479262672811,1
16,26,239.52,9.212307692307693,81.5,16.26923076923077,0.34615384615384615,0
17,62,1040.53,16.78274193548387,39.435483870967744,17.483870967741936,0.43548387096774194,0
18,70,1332.61,19.037285714285712,88.75714285714285,16.82857142857143,0.3142857142857143,1
19,13,274.75,21.134615384615383,36.07692307692308,13.846153846153847,0.3076923076923077,0
20,137,1600.93,11.685620437956205,114.23357664233576,15.145985401459853,0.043795620437956206,1
21,41,524.54,12.793658536585365,147.26829268292684,14.414634146341463,0.0,0
22,49,406.28,8.29142857142857,144.81632653061226,14.73469387755102,0.22448979591836735,0
23,54,636.22,11.781851851851853,106.92592592592592,13.592592592592593,0.018518518518518517,0
24,28,445.40999999999997,15.907499999999999,67.25,13.214285714285714,0.25,0
25,3,23.32,7.773333333333333,25.666666666666668,10.0,0.0,0
26,24,614.0,25.583333333333332,172.66666666666666,15.166666666666666,0.2916666666666667,0
27,107,964.77,9.016542056074766,93.22429906542057,14.542056074766355,0.2523364485981308,1
28,83,1571.54,18.93421686746988,52.28915662650602,16.14457831325301,0.12048192771084337,1
29,204,2341.62,11.478529411764706,104.42156862745098,16.28921568627451,0.0392156862745098,1
30,195,5832.12,29.90830769230769,43.43076923076923,15.861538461538462,0.2205128205128205,1
31,353,1960.46,5.5537110481586405,98.96883852691218,14.733711048158641,0.20396600566572237,1
32,93,1624.82,17.471182795698923,141.48387096774192,10.21505376344086,0.053763440860215055,1
33,58,837.95,14.447413793103449,86.56896551724138,14.931034482758621,0.3103448275862069,0
34,35,525.28,15.008,23.314285714285713,13.228571428571428,0.14285714285714285,0
35,35,842.74,24.078285714285716,183.9142857142857,14.342857142857143,0.37142857142857144,0
36,299,5440.7,18.196321070234113,156.69565217391303,8.548494983277592,0.2842809364548495,1
37,79,1580.89,20.01126582278481,46.936708860759495,15.215189873417721,0.25316455696202533,1
38,169,1042.3,6.167455621301775,409.9526627218935,16.4792899408284,0.3668639053254438,1
39,3,25.38,8.459999999999999,270.0,16.333333333333332,0.3333333333333333,0
40,323,2516.61,7.791362229102168,136.61300309597524,14.476780185758514,0.28173374613003094,1
41,146,2050.77,14.046369863013698,22.19178082191781,12.547945205479452,0.2808219178082192,1
42,73,1011.3,13.853424657534246,121.65753424657534,14.767123287671232,0.273972602739726,1
43,9,398.56,44.284444444444446,371.55555555555554,9.222222222222221,0.2222222222222222,0
44,93,1973.1100000000001,21.216236559139787,50.73118279569893,13.924731182795698,0.11827956989247312,1
45,43,1257.62,29.246976744186043,92.02325581395348,15.0,0.18604651162790697,0
46,25,466.68,18.6672,333.52,15.16,0.2,0
47,11,196.61,17.873636363636365,149.63636363636363,12.909090909090908,0.2727272727272727,0
48,2,48.72,24.36,38.0,10.5,0.0,0
49,28,1052.7,37.596428571428575,268.75,17.357142857142858,0.14285714285714285,0
50,13,266.17,20.474615384615387,34.30769230769231,14.692307692307692,0.15384615384615385,0
51,37,896.35,24.225675675675678,36.486486486486484,15.837837837837839,0.35135135135135137,0
52,19,460.4,24.23157894736842,37.89473684210526,15.578947368421053,0.42105263157894735,0
53,55,1283.0,23.327272727272728,37.03636363636364,15.090909090909092,0.0,1
54,166,2325.68,14.010120481927709,146.74096385542168,15.993975903614459,0.3253012048192771,1
55,89,1974.37,22.183932584269662,47.853932584269664,15.089887640449438,0.14606741573033707,1
56,24,353.32,14.721666666666666,45.291666666666664,12.333333333333334,0.3333333333333333,0
57,18,482.06,26.781111111111112,36.05555555555556,10.11111111111111,0.2777777777777778,0
58,9,270.78000000000003,30.08666666666667,217.88888888888889,10.777777777777779,0.2222222222222222,0
59,4,78.21,19.5525,78.5,14.75,0.5,0
60,103,993.6800000000001,9.647378640776699,64.47572815533981,13.78640776699029,0.18446601941747573,1
61,66,1039.03,15.742878787878787,27.803030303030305,14.56060606060606,0.15151515151515152,0
62,88,1203.31,13.673977272727273,26.71590909090909,12.488636363636363,0.3181818181818182,1
63,105,2158.33,20.55552380952381,204.65714285714284,10.095238095238095,0.17142857142857143,1
64,82,960.97,11.719146341463414,93.91463414634147,10.658536585365853,0.23170731707317074,1
65,10,340.47,34.047000000000004,306.5,9.3,0.2,0
66,12,322.2,26.849999999999998,30.5,10.833333333333334,0.08333333333333333,0
67,43,513.88,11.950697674418604,126.44186046511628,10.581395348837209,0.27906976744186046,0
68,188,665.46,3.53968085106383,11.303191489361701,12.351063829787234,0.047872340425531915,1
69,7,109.85,15.692857142857141,68.57142857142857,15.571428571428571,0.14285714285714285,0
70,196,3347.81,17.08066326530612,189.30102040816325,9.183673469387756,0.09183673469387756,1
71,194,3229.54,16.647113402061855,68.48969072164948,11.938144329896907,0.23195876288659795,1
72,15,212.38,14.158666666666667,32.266666666666666,11.933333333333334,0.06666666666666667,0
73,114,1484.76,13.02421052631579,137.37719298245614,12.526315789473685,0.07894736842105263,1
74,235,2590.09,11.021659574468085,25.70212765957447,15.693617021276596,0.1702127659574468,1
75,204,3195.27,15.663088235294117,26.455882352941178,13.259803921568627,0.24509803921568626,1
76,132,1169.01,8.856136363636363,196.36363636363637,10.007575757575758,0.09090909090909091,1
77,53,1063.84,20.072452830188677,83.47169811320755,13.075471698113208,0.0,0
78,2,53.269999999999996,26.634999999999998,50.0,11.5,0.5,0
79,130,1770.41,13.618538461538462,130.86923076923077,7.723076923076923,0.33076923076923076,1
80,157,1223.18,7.790955414012739,24.872611464968152,14.242038216560509,0.19745222929936307,1
81,47,779.13,16.57723404255319,50.744680851063826,11.127659574468085,0.3829787234042553,0
82,14,111.91,7.993571428571428,89.07142857142857,11.642857142857142,0.2857142857142857,0
83,106,3139.7400000000002,29.620188679245285,55.801886792452834,10.537735849056604,0.24528301886792453,1
84,43,363.52,8.453953488372093,179.06976744186048,10.930232558139535,0.09302325581395349,0
85,28,343.21,12.257499999999999,64.10714285714286,14.357142857142858,0.2857142857142857,0
86,236,1626.02,6.889915254237288,177.2415254237288,16.779661016949152,0.2838983050847458,1
87,177,1727.51,9.759943502824859,84.01694915254237,7.909604519774011,0.3389830508474576,1
88,140,1094.15,7.815357142857144,132.43571428571428,13.214285714285714,0.22857142857142856,1
89,89,939.61,10.557415730337079,101.49438202247191,5.865168539325842,0.21348314606741572,1
90,43,425.0,9.883720930232558,252.74418604651163,13.69767441860465,0.20930232558139536,0
91,92,1887.0,20.51086956521739,47.72826086956522,10.608695652173912,0.1956521739130435,1
92,98,2450.75,25.007653061224488,34.90816326530612,14.857142857142858,0.2755102040816326,1
93,90,1455.98,16.177555555555557,152.51111111111112,9.71111111111111,0.3,1
94,22,149.27,6.785,123.27272727272727,10.227272727272727,0.2727272727272727,0
95,348,9621.97,27.649339080459768,247.7183908045977,15.557471264367816,0.29022988505747127,1
96,62,2347.99,37.8708064516129,324.8709677419355,18.43548387096774,0.16129032258064516,1
97,44,263.01,5.9775,106.63636363636364,16.59090909090909,0.25,0
98,122,4022.78,32.97360655737705,328.8196721311475,15.991803278688524,0.18032786885245902,1
99,43,1792.09,41.676511627906976,387.93023255813955,17.627906976744185,0.18604651162790697,1
100,75,1532.47,20.432933333333335,134.56,14.24,0.25333333333333335,1
101,35,1546.1399999999999,44.17542857142857,369.85714285714283,16.257142857142856,0.22857142857142856,1
102,154,3728.16,24.208831168831168,429.33116883116884,17.266233766233768,0.3116883116883117,1
103,75,2961.12,39.4816,361.36,17.053333333333335,0.18666666666666668,1
104,52,2540.75,48.86057692307692,427.09615384615387,18.307692307692307,0.0,1
105,214,6635.11,31.005186915887847,287.8551401869159,17.97196261682243,0.21495327102803738,1
106,203,5159.18,25.414679802955668,232.54187192118226,15.916256157635468,0.2561576354679803,1
107,149,1477.11,9.913489932885906,382.6308724832215,15.25503355704698,0.2080536912751678,1
108,118,1244.21,10.544152542372881,175.78813559322035,16.76271186440678,0.2796610169491525,1
109,107,1716.59,16.04289719626168,136.9626168224299,18.08411214953271,0.27102803738317754,1
111,1,15.59,15.59,29.0,21.0,0.0,0
112,74,604.88,8.174054054054054,156.3108108108108,16.256756756756758,0.40540540540540543,0
113,48,932.93,19.436041666666664,122.3125,16.625,0.2916666666666667,0
114,65,1836.29,28.250615384615383,35.4,15.8,0.36923076923076925,1
115,68,1614.93,23.748970588235295,195.44117647058823,15.720588235294118,0.25,1
116,72,1715.84,23.83111111111111,54.25,15.569444444444445,0.3333333333333333,1
117,17,657.4300000000001,38.67235294117648,97.6470588235294,17.0,0.058823529411764705,0
118,46,330.2,7.178260869565217,131.8695652173913,17.26086956521739,0.3695652173913043,0
119,124,2959.54,23.86725806451613,31.580645161290324,15.612903225806452,0.24193548387096775,1
120,20,137.11,6.855500000000001,198.75,16.0,0.3,0
121,82,853.1,10.403658536585366,22.0,18.036585365853657,0.32926829268292684,0
122,19,292.02,15.369473684210526,54.68421052631579,14.0,0.42105263157894735,0
123,137,1005.65,7.340510948905109,135.97810218978103,12.13138686131387,0.20437956204379562,1
124,118,1705.17,14.450593220338984,124.71186440677967,17.720338983050848,0.2627118644067797,1
125,86,1025.48,11.924186046511629,52.52325581395349,14.116279069767442,0.313953488372093,1
126,1,2.8,2.8,40.0,18.0,0.0,0
127,122,1236.21,10.132868852459017,91.09836065573771,14.737704918032787,0.02459016393442623,1
128,63,454.06,7.207301587301587,137.22222222222223,14.698412698412698,0.06349206349206349,0
129,48,477.96,9.9575,215.125,12.854166666666666,0.2708333333333333,0
130,5,100.08,20.016,60.8,16.2,0.2,0
131,37,621.0,16.783783783783782,185.40540540540542,12.432432432432432,0.16216216216216217,0
132,174,1451.22,8.340344827586208,186.7528735632184,11.459770114942529,0.29310344827586204,1
133,109,1797.54,16.491192660550457,33.37614678899082,14.073394495412844,0.3119266055045872,1
134,22,657.05,29.86590909090909,197.04545454545453,14.090909090909092,0.13636363636363635,0
135,76,2926.32,38.504210526315795,337.69736842105266,7.394736842105263,0.4342105263157895,1
136,51,1116.54,21.892941176470586,36.31372549019608,12.098039215686274,0.2549019607843137,0
137,19,334.96,17.629473684210524,178.68421052631578,12.526315789473685,0.3157894736842105,0
138,24,438.71,18.27958333333333,109.75,15.791666666666666,0.5,0
139,33,403.51,12.227575757575757,112.42424242424242,14.454545454545455,0.0,0
140,54,1453.6200000000001,26.91888888888889,34.77777777777778,14.833333333333334,0.2037037037037037,1
141,18,493.69,27.427222222222223,267.94444444444446,15.777777777777779,0.2222222222222222,0
142,46,848.77,18.451521739130435,34.608695652173914,14.673913043478262,0.17391304347826086,0
143,37,676.61,18.286756756756755,36.351351351351354,10.18918918918919,0.05405405405405406,0
144,3,9.21,3.0700000000000003,53.0,12.666666666666666,0.0,0
145,2,48.480000000000004,24.240000000000002,29.5,14.0,0.0,0
146,73,1291.16,17.687123287671234,42.71232876712329,13.123287671232877,0.1506849315068493,1
147,91,1678.2,18.441758241758244,34.21978021978022,12.802197802197803,0.2967032967032967,1
148,111,806.83,7.268738738738739,65.58558558558559,14.144144144144144,0.18018018018018017,1
149,17,132.88,7.816470588235294,74.3529411764706,13.764705882352942,0.6470588235294118,0
150,117,2013.99,17.213589743589743,56.43589743589744,13.538461538461538,0.2222222222222222,1
151,35,1345.3,38.43714285714285,303.3142857142857,16.085714285714285,0.2571428571428571,0
152,118,758.21,6.425508474576271,27.47457627118644,11.957627118644067,0.0847457627118644,1
153,6,172.62,28.77,124.33333333333333,11.0,0.3333333333333333,0
154,4,73.14999999999999,18.287499999999998,109.5,17.25,0.25,0
155,12,201.31,16.775833333333335,159.66666666666666,13.583333333333334,0.25,0
156,132,1259.7,9.543181818181818,29.946969696969695,12.886363636363637,0.12121212121212122,1
157,2,57.93000000000001,28.965000000000003,66.0,13.0,0.0,0
158,61,933.26,15.299344262295081,73.44262295081967,12.852459016393443,0.29508196721311475,0
159,65,459.18,7.064307692307692,122.46153846153847,12.292307692307693,0.2,0
160,125,1596.7,12.7736,112.88,15.44,0.072,1
161,128,1656.33,12.940078125,82.0625,11.1875,0.203125,1
162,48,1151.16,23.9825,36.604166666666664,12.291666666666666,0.3541666666666667,0
163,4,57.06,14.265,229.25,7.75,0.25,0
164,16,251.88,15.7425,33.3125,12.75,0.1875,0
165,120,4484.43,37.370250000000006,376.55833333333334,8.616666666666667,0.25833333333333336,1
166,2,88.11,44.055,994.0,19.0,0.0,0
167,185,1679.95,9.080810810810812,26.345945945945946,12.94054054054054,0.1837837837837838,1
168,46,1364.68,29.66695652173913,35.23913043478261,18.217391304347824,0.13043478260869565,0
169,136,3770.94,27.7275,48.4485294117647,13.308823529411764,0.16176470588235295,1
170,35,695.31,19.866,685.0571428571428,16.428571428571427,0.45714285714285713,0
171,17,530.33,31.19588235294118,37.294117647058826,14.411764705882353,0.17647058823529413,0
172,126,2361.4,18.74126984126984,209.0952380952381,11.904761904761905,0.30952380952380953,1
173,63,3070.35,48.73571428571429,92.7936507936508,9.634920634920634,0.12698412698412698,1
174,34,485.11,14.267941176470588,138.97058823529412,15.117647058823529,0.14705882352941177,0
175,10,266.73,26.673000000000002,27.7,14.4,0.1,0
176,62,775.7,12.511290322580646,172.93548387096774,19.0,0.3225806451612903,0
177,26,205.54,7.905384615384615,138.3846153846154,14.461538461538462,0.2692307692307692,0
178,60,474.74,7.912333333333334,69.33333333333333,8.5,0.16666666666666666,0
179,340,2125.2599999999998,6.250764705882352,164.55882352941177,15.98235294117647,0.21764705882352942,1
180,94,839.53,8.931170212765958,150.7340425531915,14.96808510638298,0.425531914893617,1
181,1,15.95,15.95,150.0,6.0,0.0,0
182,18,311.64,17.313333333333333,34.388888888888886,14.11111111111111,0.4444444444444444,0
183,22,651.98,29.635454545454547,269.59090909090907,13.772727272727273,0.36363636363636365,0
184,24,393.81,16.40875,55.041666666666664,13.208333333333334,0.25,0
185,6,78.09,13.015,77.5,12.833333333333334,0.0,0
186,126,1862.72,14.783492063492064,221.16666666666666,16.30952380952381,0.23015873015873015,1
187,89,3380.8,37.986516853932585,365.5056179775281,17.60674157303371,0.30337078651685395,1
188,38,1072.54,28.224736842105262,231.0,16.394736842105264,0.3684210526315789,0
189,15,299.35,19.956666666666667,186.86666666666667,16.266666666666666,0.06666666666666667,0
190,63,2163.01,34.333492063492066,326.04761904761904,18.03174603174603,0.20634920634920634,1
191,67,647.49,9.66402985074627,170.59701492537314,14.805970149253731,0.14925373134328357,0
192,9,187.37,20.81888888888889,379.1111111111111,14.222222222222221,0.4444444444444444,0
193,67,2553.07,38.105522388059704,321.2089552238806,16.761194029850746,0.19402985074626866,1
194,147,2894.82,19.69265306122449,373.7755102040816,17.210884353741495,0.25170068027210885,1
195,74,1469.66,19.86027027027027,176.1891891891892,18.216216216216218,0.2702702702702703,1
196,63,447.24,7.099047619047619,135.6984126984127,16.22222222222222,0.30158730158730157,0
197,21,225.64,10.744761904761905,183.42857142857142,17.714285714285715,0.19047619047619047,0
198,2,14.1,7.05,113.0,14.0,0.0,0
199,83,1250.73,15.069036144578314,183.66265060240963,18.301204819277107,0.1686746987951807,1
200,14,209.72,14.98,228.21428571428572,15.071428571428571,0.21428571428571427,0
201,32,377.24,11.78875,90.71875,14.53125,0.3125,0
202,55,770.65,14.011818181818182,126.16363636363636,14.89090909090909,0.05454545454545454,0
203,43,752.84,17.507906976744188,67.46511627906976,14.744186046511627,0.2558139534883721,0
204,38,986.6,25.96315789473684,266.5,17.157894736842106,0.2894736842105263,0
205,40,1245.53,31.13825,342.75,11.925,0.4,0
206,18,513.77,28.542777777777776,279.6666666666667,9.555555555555555,0.2222222222222222,0
207,22,678.51,30.841363636363635,57.27272727272727,12.636363636363637,0.2727272727272727,0
208,152,1528.57,10.056381578947368,36.1578947368421,9.592105263157896,0.25,1
209,17,269.61,15.859411764705882,47.88235294117647,13.941176470588236,0.29411764705882354,0
210,19,129.49,6.815263157894737,116.89473684210526,12.842105263157896,0.21052631578947367,0
211,5,77.49,15.498,125.4,18.0,0.6,0
212,57,2636.93,46.2619298245614,388.7368421052632,14.56140350877193,0.3684210526315789,1
213,40,385.79,9.64475,32.55,14.75,0.2,0
214,20,834.05,41.7025,226.4,14.05,0.35,0
215,21,300.96,14.331428571428571,112.9047619047619,13.952380952380953,0.3333333333333333,0
216,57,2625.14,46.05508771929824,496.70175438596493,16.912280701754387,0.22807017543859648,1
217,23,500.6,21.76521739130435,118.34782608695652,15.347826086956522,0.21739130434782608,0
218,35,328.48,9.385142857142858,127.74285714285715,9.885714285714286,0.5142857142857142,0
219,84,861.45,10.255357142857143,336.0357142857143,10.130952380952381,0.023809523809523808,1
220,1,5.59,5.59,50.0,10.0,0.0,0
221,1,13.47,13.47,121.0,9.0,0.0,0
222,23,347.0,15.08695652173913,42.08695652173913,11.173913043478262,0.21739130434782608,0
223,71,1137.47,16.020704225352112,174.50704225352112,8.704225352112676,0.16901408450704225,1
224,22,394.0,17.90909090909091,74.31818181818181,13.863636363636363,0.2727272727272727,0
225,2,56.61,28.305,62.0,9.5,0.5,0
226,3,56.14,18.713333333333335,167.0,14.666666666666666,0.6666666666666666,0
227,80,1374.19,17.177375,33.325,10.4375,0.3375,1
228,99,2163.02,21.84868686868687,41.323232323232325,12.232323232323232,0.2727272727272727,1
229,78,1390.92,17.832307692307694,150.48717948717947,7.358974358974359,0.11538461538461539,1
230,30,391.40000000000003,13.046666666666669,38.5,10.666666666666666,0.06666666666666667,0
231,25,450.85,18.034000000000002,50.4,8.36,0.04,0
232,2,23.259999999999998,11.629999999999999,29.0,13.0,1.0,0
233,76,2851.43,37.518815789473685,438.9868421052632,18.67105263157895,0.2894736842105263,1
234,2,61.83,30.915,263.0,18.0,0.0,0
235,37,1256.99,33.972702702702705,268.5945945945946,16.89189189189189,0.35135135135135137,0
236,91,2985.0,32.8021978021978,288.8901098901099,17.46153846153846,0.3076923076923077,1
237,71,2302.69,32.43225352112676,301.59154929577466,18.056338028169016,0.23943661971830985,1
238,9,74.89,8.321111111111112,146.0,16.88888888888889,0.3333333333333333,0
239,26,400.71000000000004,15.411923076923078,53.0,16.23076923076923,0.34615384615384615,0
240,74,3029.1,40.93378378378378,394.05405405405406,18.0,0.33783783783783783,1
241,171,1804.64,10.553450292397661,230.64327485380116,16.292397660818715,0.4678362573099415,1
242,56,951.72,16.995,101.625,12.75,0.3392857142857143,0
243,33,885.26,26.826060606060604,257.6666666666667,15.696969696969697,0.3333333333333333,0
244,61,1729.1,28.345901639344262,270.88524590163934,18.21311475409836,0.29508196721311475,1
245,129,4200.96,32.565581395348836,278.4573643410853,12.736434108527131,0.34108527131782945,1
246,35,587.93,16.798,135.57142857142858,16.37142857142857,0.2,0
247,55,929.47,16.899454545454546,52.78181818181818,17.12727272727273,0.38181818181818183,0
248,32,462.29,14.4465625,137.65625,15.09375,0.3125,0
250,11,238.51,21.682727272727274,41.27272727272727,16.818181818181817,0.2727272727272727,0
251,90,1788.07,19.867444444444445,148.75555555555556,14.233333333333333,0.43333333333333335,1
252,18,346.61,19.25611111111111,59.388888888888886,15.666666666666666,0.2222222222222222,0
253,16,349.31,21.831875,190.0625,18.5,0.75,0
254,20,405.6,20.28,50.4,12.8,0.25,0
255,108,3265.42,30.235370370370372,311.9166666666667,10.018518518518519,0.2037037037037037,1
256,33,650.56,19.71393939393939,113.24242424242425,16.181818181818183,0.3939393939393939,0
257,1,2.3,2.3,40.0,15.0,0.0,0
258,24,257.26,10.719166666666666,186.91666666666666,14.583333333333334,0.3333333333333333,0
259,16,325.84999999999997,20.365624999999998,30.125,10.125,0.25,0
260,120,2156.92,17.974333333333334,34.13333333333333,15.05,0.26666666666666666,1
261,44,1242.96,28.24909090909091,102.0,12.340909090909092,0.2727272727272727,0
262,36,693.98,19.27722222222222,169.94444444444446,13.166666666666666,0.2222222222222222,0
263,20,330.67,16.5335,88.05,13.15,0.15,0
265,83,1752.61,21.11578313253012,99.28915662650603,12.74698795180723,0.37349397590361444,1
266,115,1281.15,11.140434782608697,110.61739130434782,11.626086956521739,0.5652173913043478,1
267,40,1343.32,33.583,156.8,13.3,0.5,0
268,119,2782.64,23.383529411764705,45.49579831932773,13.789915966386555,0.24369747899159663,1
269,4,16.759999999999998,4.1899999999999995,73.0,13.5,0.5,0
270,153,4418.34,28.878039215686275,399.8235294117647,13.947712418300654,0.24836601307189543,1
271,35,630.07,18.002000000000002,69.45714285714286,14.457142857142857,0.3142857142857143,0
272,35,320.9,9.168571428571427,156.6,9.885714285714286,0.9428571428571428,0
273,5,15.99,3.198,55.8,15.8,0.6,0
274,14,283.04,20.217142857142857,65.78571428571429,13.357142857142858,0.35714285714285715,0
275,6,134.64,22.439999999999998,29.833333333333332,13.5,0.6666666666666666,0
276,56,1349.1,24.09107142857143,42.714285714285715,16.607142857142858,0.4107142857142857,1
277,27,1073.59,39.76259259259259,370.3703703703704,19.51851851851852,0.5555555555555556,0
278,38,1155.8,30.41578947368421,271.3421052631579,12.289473684210526,0.34210526315789475,0
279,120,2413.8,20.115000000000002,32.983333333333334,13.691666666666666,0.325,1
280,97,3985.04,41.08288659793814,423.25773195876286,5.690721649484536,0.23711340206185566,1
281,27,474.92,17.58962962962963,81.55555555555556,13.814814814814815,0.37037037037037035,0
282,28,1380.3,49.29642857142857,86.53571428571429,15.428571428571429,0.14285714285714285,0
283,111,2629.07,23.685315315315318,228.32432432432432,15.522522522522523,0.5405405405405406,1
284,11,399.51,36.31909090909091,52.18181818181818,13.636363636363637,0.09090909090909091,0
285,89,1914.32,21.509213483146066,455.70786516853934,17.03370786516854,0.25842696629213485,1
286,43,700.6,16.293023255813953,136.58139534883722,16.25581395348837,0.3023255813953488,0
287,32,643.62,20.113125,34.375,12.0,0.6875,0
288,1,45.92,45.92,390.0,1.0,0.0,0
289,49,1413.95,28.856122448979594,262.0816326530612,16.346938775510203,0.1836734693877551,1
290,1,47.36,47.36,419.0,22.0,1.0,0
291,88,2189.59,24.881704545454546,254.8068181818182,15.784090909090908,0.36363636363636365,1
292,1,44.66,44.66,401.0,19.0,1.0,0
293,117,1819.07,15.547606837606837,93.37606837606837,10.948717948717949,0.26495726495726496,1
294,36,1480.78,41.132777777777775,392.52777777777777,17.055555555555557,0.5555555555555556,1
295,7,28.36,4.051428571428572,87.85714285714286,14.142857142857142,0.42857142857142855,0
296,3,72.19999999999999,24.066666666666663,33.0,20.0,0.3333333333333333,0
297,1,39.76,39.76,360.0,15.0,1.0,0
298,15,33.75,2.25,123.53333333333333,14.6,0.4,0
299,3,39.39,13.13,80.66666666666667,15.0,0.6666666666666666,0
300,8,49.8,6.225,103.625,17.5,0.75,0
301,175,2278.07,13.017542857142859,37.48571428571429,16.257142857142856,0.3028571428571429,1
302,23,1028.5,44.71739130434783,404.3478260869565,16.043478260869566,0.391304347826087,0
303,28,946.2,33.792857142857144,37.25,11.535714285714286,0.17857142857142858,0
304,180,1465.98,8.144333333333334,139.21666666666667,14.633333333333333,0.29444444444444445,1
305,2,63.19,31.595,314.0,18.0,1.0,0
306,3,35.54,11.846666666666666,111.33333333333333,15.333333333333334,0.3333333333333333,0
307,15,581.66,38.77733333333333,57.46666666666667,14.266666666666667,0.4666666666666667,0
308,3,31.75,10.583333333333334,93.33333333333333,16.666666666666668,0.6666666666666666,0
309,65,523.92,8.060307692307692,73.55384615384615,15.0,0.5692307692307692,0
310,20,306.39,15.3195,140.2,16.45,0.35,0
311,3,17.04,5.68,93.66666666666667,12.333333333333334,0.6666666666666666,0
312,31,706.76,22.798709677419353,350.5483870967742,15.161290322580646,0.4838709677419355,0
313,98,2457.61,25.077653061224492,42.316326530612244,13.693877551020408,0.2755102040816326,1
314,2,12.68,6.34,105.0,13.5,1.0,0
315,1,30.54,30.54,35.0,14.0,1.0,0
316,2,9.6,4.8,79.0,13.5,1.0,0
317,83,3032.09,36.53120481927711,346.33734939759034,16.927710843373493,0.3614457831325301,1
318,26,827.91,31.842692307692307,96.88461538461539,11.423076923076923,0.3076923076923077,0
319,6,61.29,10.215,40.333333333333336,14.666666666666666,0.5,0
320,7,253.54000000000002,36.220000000000006,48.714285714285715,14.0,0.2857142857142857,0
321,1,1.5,1.5,2.0,12.0,1.0,0
322,20,288.32,14.416,113.25,16.2,0.5,0
323,15,683.4,45.559999999999995,402.0,17.933333333333334,0.6,0
324,134,896.92,6.693432835820896,114.1044776119403,9.529850746268657,0.27611940298507465,1
325,32,625.85,19.5578125,185.59375,15.375,0.28125,0
326,50,1186.15,23.723000000000003,33.92,12.18,0.2,0
327,4,69.37,17.3425,24.75,7.5,0.5,0
328,4,83.6,20.9,189.25,10.0,1.0,0
329,76,3648.91,48.011973684210524,396.80263157894734,16.57894736842105,0.23684210526315788,1
330,21,680.29,32.3947619047619,253.76190476190476,14.285714285714286,0.6666666666666666,0
331,35,572.94,16.369714285714288,171.45714285714286,16.514285714285716,0.22857142857142856,0
332,1,41.96,41.96,377.0,17.0,1.0,0
333,32,492.2,15.38125,49.15625,15.0,0.34375,0
334,23,1014.8100000000001,44.12217391304348,103.78260869565217,18.130434782608695,0.2608695652173913,0
335,2,33.35,16.675,147.5,12.5,1.0,0
336,47,1933.23,41.132553191489365,36.744680851063826,15.404255319148936,0.2978723404255319,1
338,1,8.55,8.55,75.0,19.0,1.0,0
339,57,1340.32,23.51438596491228,106.89473684210526,15.789473684210526,0.3333333333333333,1
340,31,773.08,24.938064516129035,155.61290322580646,15.0,0.5806451612903226,0
341,3,40.5,13.5,139.0,19.333333333333332,0.3333333333333333,0
342,4,21.79,5.4475,92.0,12.75,1.0,0
343,77,431.6,5.605194805194805,100.35064935064935,14.376623376623376,0.2597402597402597,0
345,37,617.36,16.685405405405405,50.21621621621622,13.513513513513514,0.3783783783783784,0
346,45,311.73,6.927333333333333,184.6,13.28888888888889,0.4444444444444444,0
347,1,1.3,1.3,11.0,15.0,1.0,0
348,9,79.0,8.777777777777779,85.33333333333333,16.444444444444443,0.5555555555555556,0
349,38,633.13,16.661315789473683,93.47368421052632,15.157894736842104,0.23684210526315788,0
350,27,624.12,23.115555555555556,35.333333333333336,15.037037037037036,0.48148148148148145,0
351,11,284.86,25.89636363636364,284.27272727272725,11.090909090909092,0.45454545454545453,0
352,41,434.64,10.600975609756098,30.878048780487806,14.146341463414634,0.24390243902439024,0
353,22,1225.17,55.68954545454546,507.04545454545456,16.181818181818183,0.18181818181818182,0
354,60,1958.57,32.642833333333336,299.6666666666667,17.7,0.35,1
355,6,49.64,8.273333333333333,20.333333333333332,6.5,0.6666666666666666,0
356,121,1048.41,8.664545454545456,110.31404958677686,14.132231404958677,0.4628099173553719,1
357,56,1830.76,32.692142857142855,104.55357142857143,15.0,0.32142857142857145,1
358,2,46.879999999999995,23.439999999999998,206.5,9.5,0.5,0
359,26,601.32,23.12769230769231,157.07692307692307,16.0,0.5769230769230769,0
360,4,165.45999999999998,41.364999999999995,354.25,18.75,0.5,0
361,2,41.870000000000005,20.935000000000002,197.5,19.0,0.0,0
362,216,3286.59,15.215694444444445,123.42129629629629,16.824074074074073,0.35648148148148145,1
363,10,310.43,31.043,273.8,17.2,0.2,0
364,3,86.2,28.733333333333334,293.3333333333333,13.0,0.3333333333333333,0
365,2,47.5,23.75,125.5,13.0,0.0,0
366,1,3.21,3.21,41.0,17.0,0.0,0
367,46,1164.15,25.307608695652174,133.08695652173913,12.304347826086957,0.41304347826086957,0
368,25,107.8,4.312,123.64,17.12,0.36,0
369,34,1169.78,34.40529411764706,38.588235294117645,14.617647058823529,0.3235294117647059,0
370,103,3181.88,30.892038834951457,236.15533980582524,12.398058252427184,0.17475728155339806,1
371,25,154.32,6.1728,160.96,13.4,0.12,0
372,4,37.0,9.25,157.25,11.75,0.5,0
373,32,556.19,17.3809375,44.65625,14.40625,0.375,0
374,16,473.89,29.618125,78.4375,11.25,0.25,0
375,48,1514.8,31.558333333333334,317.2083333333333,17.0,0.16666666666666666,1
376,14,212.73,15.194999999999999,149.21428571428572,8.0,0.07142857142857142,0
378,55,1260.45,22.917272727272728,191.94545454545454,12.127272727272727,0.14545454545454545,1
379,36,334.99,9.305277777777778,85.66666666666667,12.61111111111111,0.1388888888888889,0
380,6,53.059999999999995,8.843333333333332,14.666666666666666,13.333333333333334,0.16666666666666666,0
381,12,156.54,13.045,22.0,14.083333333333334,0.25,0
382,3,89.85,29.95,194.66666666666666,12.0,0.0,0
383,72,821.02,11.403055555555556,120.56944444444444,15.166666666666666,0.4444444444444444,0
384,2,62.39,31.195,364.5,17.5,0.5,0
385,74,575.69,7.779594594594595,181.24324324324326,12.837837837837839,0.3108108108108108,0
386,14,632.08,45.14857142857143,381.2857142857143,10.142857142857142,0.42857142857142855,0
387,4,159.07999999999998,39.769999999999996,345.0,13.75,0.0,0
388,30,1415.08,47.169333333333334,510.8666666666667,18.233333333333334,0.23333333333333334,1
389,52,1719.86,33.074230769230766,134.59615384615384,12.692307692307692,0.23076923076923078,1
390,81,2205.15,27.224074074074075,227.14814814814815,16.074074074074073,0.25925925925925924,1
391,72,2750.69,38.20402777777778,358.0416666666667,15.36111111111111,0.3472222222222222,1
392,3,57.78,19.26,172.66666666666666,16.0,0.0,0
393,2,47.3,23.65,217.5,17.0,0.0,0
394,2,111.72999999999999,55.864999999999995,92.5,21.0,0.5,0
395,1,22.3,22.3,197.0,19.0,0.0,0
396,73,928.55,12.71986301369863,69.46575342465754,14.068493150684931,0.0958904109589041,0
397,1,19.58,19.58,175.0,18.0,0.0,0
398,1,3.12,3.12,53.0,12.0,0.0,0
399,7,180.57999999999998,25.797142857142855,213.85714285714286,13.285714285714286,0.2857142857142857,0
400,6,177.96,29.66,57.0,14.333333333333334,0.16666666666666666,0
401,72,1141.8700000000001,15.859305555555558,139.19444444444446,15.0,0.027777777777777776,1
402,21,507.13,24.149047619047618,39.714285714285715,16.0,0.14285714285714285,0
403,79,2407.6,30.475949367088607,295.1898734177215,15.417721518987342,0.26582278481012656,1
404,2,39.879999999999995,19.939999999999998,175.0,15.5,0.0,0
405,19,710.5699999999999,37.398421052631576,246.73684210526315,14.0,0.5263157894736842,0
406,12,302.68,25.223333333333333,221.66666666666666,16.333333333333332,0.16666666666666666,0
407,53,858.26,16.193584905660376,54.24528301886792,12.867924528301886,0.24528301886792453,0
408,3,134.27,44.75666666666667,39.666666666666664,18.0,0.3333333333333333,0
409,29,1225.55,42.2603448275862,359.6896551724138,7.689655172413793,0.0,0
410,46,463.71,10.080652173913043,173.7173913043478,9.717391304347826,0.21739130434782608,0
411,1,53.6,53.6,489.0,5.0,0.0,0
412,24,323.27,13.469583333333333,48.0,14.666666666666666,0.16666666666666666,0
413,88,2069.58,23.517954545454543,34.06818181818182,13.909090909090908,0.3409090909090909,1
414,12,380.84000000000003,31.736666666666668,45.916666666666664,13.75,0.16666666666666666,0
415,31,923.3,29.783870967741933,258.2903225806452,10.64516129032258,0.0,0
416,31,581.86,18.76967741935484,120.61290322580645,14.612903225806452,0.0967741935483871,0
417,5,21.45,4.29,75.4,14.0,0.4,0
418,66,1365.07,20.68287878787879,37.53030303030303,8.272727272727273,0.015151515151515152,1
419,24,294.96999999999997,12.290416666666665,208.79166666666666,6.75,0.08333333333333333,0
420,35,383.95,10.969999999999999,80.08571428571429,15.457142857142857,0.34285714285714286,0
421,17,457.36,26.90352941176471,35.76470588235294,10.764705882352942,0.35294117647058826,0
422,70,3058.48,43.692571428571426,394.4142857142857,16.32857142857143,0.21428571428571427,1
423,73,1438.35,19.703424657534246,42.84931506849315,12.698630136986301,0.3150684931506849,1
424,78,2281.77,29.25346153846154,40.47435897435897,15.038461538461538,0.2948717948717949,1
425,68,1205.47,17.7275,99.75,14.573529411764707,0.20588235294117646,1
426,24,470.33,19.597083333333334,89.95833333333333,13.791666666666666,0.5833333333333334,0
427,27,641.02,23.741481481481483,40.81481481481482,13.25925925925926,0.3333333333333333,0
428,46,797.79,17.343260869565217,35.130434782608695,17.0,0.34782608695652173,0
429,4,68.47,17.1175,53.25,16.5,0.25,0
430,1,4.87,4.87,81.0,19.0,0.0,0
431,105,1458.02,13.885904761904762,37.65714285714286,16.35238095238095,0.24761904761904763,1
432,15,298.43,19.895333333333333,34.733333333333334,16.266666666666666,0.2,0
433,12,458.31,38.1925,49.25,13.333333333333334,0.0,0
434,144,1505.41,10.454236111111111,88.56944444444444,14.625,0.0,1
435,20,112.89,5.6445,76.45,14.65,0.25,0
436,77,263.21,3.418311688311688,57.064935064935064,13.454545454545455,0.16883116883116883,0
437,31,615.71,19.861612903225808,33.774193548387096,14.064516129032258,0.0,0
438,3,19.95,6.6499999999999995,83.0,14.666666666666666,0.3333333333333333,0
439,130,3422.39,26.326076923076922,188.08461538461538,12.761538461538462,0.16923076923076924,1
440,5,89.95,17.990000000000002,43.2,10.6,0.4,0
441,10,260.21,26.020999999999997,32.1,7.3,0.0,0
442,4,119.13,29.7825,456.75,12.5,0.25,0
443,144,1882.56,13.073333333333332,37.40277777777778,15.604166666666666,0.3125,1
444,15,280.95,18.73,184.2,9.666666666666666,0.0,0
445,1,12.08,12.08,960.0,17.0,0.0,0
446,3,61.0,20.333333333333332,43.666666666666664,10.666666666666666,0.0,0
447,34,725.16,21.328235294117647,34.88235294117647,13.5,0.29411764705882354,0
448,134,2367.25,17.666044776119403,49.52985074626866,10.007462686567164,0.1865671641791045,1
449,50,638.28,12.7656,142.04,5.02,0.4,0
450,67,2832.69,42.2789552238806,367.95522388059703,16.761194029850746,0.4925373134328358,1
451,2,39.97,19.985,184.5,20.5,0.0,0
452,73,1860.77,25.49,214.95890410958904,15.493150684931507,0.2328767123287671,1
453,39,1050.16,26.92717948717949,237.94871794871796,16.128205128205128,0.3076923076923077,0
454,7,62.9,8.985714285714286,150.57142857142858,15.428571428571429,0.0,0
455,56,622.68,11.119285714285713,210.5,18.160714285714285,0.125,0
456,2,59.32,29.66,25.5,13.5,0.0,0
457,18,212.19,11.788333333333334,170.11111111111111,16.22222222222222,0.3333333333333333,0
458,20,524.6899999999999,26.234499999999997,239.95,12.5,0.25,0
459,1,16.9,16.9,40.0,17.0,0.0,0
460,44,1610.1200000000001,36.593636363636364,333.1818181818182,10.977272727272727,0.36363636363636365,1
461,55,1474.05,26.80090909090909,242.5818181818182,18.29090909090909,0.14545454545454545,1
462,3,133.33,44.443333333333335,46.666666666666664,19.333333333333332,0.3333333333333333,0
463,144,815.48,5.663055555555555,98.84027777777777,8.993055555555555,0.04861111111111111,1
464,53,963.85,18.185849056603775,28.132075471698112,15.20754716981132,0.22641509433962265,0
465,1,9.51,9.51,40.0,12.0,0.0,0
466,80,2130.37,26.629624999999997,37.0,12.9875,0.375,1
467,49,1337.0,27.285714285714285,271.6734693877551,15.693877551020408,0.30612244897959184,1
468,1,3.83,3.83,5.0,17.0,0.0,0
469,38,620.69,16.333947368421054,91.60526315789474,13.763157894736842,0.0,0
470,1,12.96,12.96,114.0,14.0,0.0,0
471,8,134.92000000000002,16.865000000000002,32.125,13.25,0.0,0
472,19,688.5,36.23684210526316,337.3157894736842,17.0,0.3684210526315789,0
473,24,765.34,31.889166666666668,231.625,14.166666666666666,0.4583333333333333,0
474,37,561.16,15.166486486486486,70.43243243243244,14.81081081081081,0.35135135135135137,0
475,7,147.11,21.01571428571429,78.71428571428571,18.285714285714285,0.2857142857142857,0
476,43,633.27,14.727209302325582,25.953488372093023,13.209302325581396,0.5581395348837209,0
477,1,14.6,14.6,34.0,15.0,1.0,0
478,7,37.43,5.347142857142857,62.285714285714285,12.857142857142858,0.42857142857142855,0
479,41,787.51,19.207560975609756,151.85365853658536,15.951219512195122,0.2926829268292683,0
480,3,46.58,15.526666666666666,137.0,10.333333333333334,0.0,0
481,41,1391.1399999999999,33.930243902439024,330.0975609756098,16.341463414634145,0.5853658536585366,1
482,17,344.33,20.25470588235294,174.2941176470588,14.176470588235293,0.11764705882352941,0
483,1,35.06,35.06,320.0,18.0,0.0,0
484,43,380.76,8.854883720930232,157.34883720930233,16.162790697674417,0.27906976744186046,0
485,2,13.420000000000002,6.710000000000001,9.0,17.5,1.0,0
486,35,883.62,25.246285714285715,38.08571428571429,15.4,0.34285714285714286,0
487,9,50.489999999999995,5.609999999999999,86.33333333333333,15.0,0.7777777777777778,0
488,5,94.16,18.832,27.4,13.4,0.8,0
489,1,7.6,7.6,80.0,12.0,1.0,0
490,17,151.29,8.899411764705881,103.70588235294117,14.0,0.5882352941176471,0
491,5,82.05,16.41,147.6,14.4,0.6,0
492,66,1383.8700000000001,20.967727272727274,174.3030303030303,12.712121212121213,0.3181818181818182,1
493,12,385.43,32.119166666666665,192.75,15.0,0.5,0
494,1,47.41,47.41,421.0,21.0,0.0,0
495,2,38.3,19.15,170.0,7.5,0.5,0
496,27,480.02,17.778518518518517,176.25925925925927,16.88888888888889,0.3333333333333333,0
497,30,961.17,32.039,40.13333333333333,11.166666666666666,0.06666666666666667,0
498,15,294.44,19.62933333333333,31.0,14.533333333333333,0.3333333333333333,0
499,1,35.9,35.9,32.0,17.0,0.0,0
500,13,236.12,18.163076923076922,31.53846153846154,17.0,0.46153846153846156,0
501,1,7.79,7.79,74.0,16.0,0.0,0
502,5,12.629999999999999,2.526,51.6,14.8,0.4,0
503,22,99.67,4.530454545454545,83.63636363636364,13.409090909090908,0.045454545454545456,0
504,3,92.94,30.98,495.0,20.333333333333332,0.3333333333333333,0
505,1,3.59,3.59,5.0,10.0,0.0,0
506,5,215.06,43.012,506.4,19.0,0.4,0
507,74,3190.84,43.11945945945946,367.31081081081084,17.283783783783782,0.24324324324324326,1
508,23,478.49,20.80391304347826,159.52173913043478,15.565217391304348,0.13043478260869565,0
510,35,327.45,9.355714285714285,269.6857142857143,12.457142857142857,0.2571428571428571,0
511,17,163.85,9.638235294117647,86.58823529411765,14.0,0.23529411764705882,0
512,36,765.87,21.274166666666666,93.94444444444444,14.805555555555555,0.3333333333333333,0
513,20,931.51,46.5755,405.1,16.95,0.1,0
514,36,493.61,13.711388888888889,121.80555555555556,12.944444444444445,0.027777777777777776,0
515,26,264.46,10.17153846153846,53.11538461538461,14.846153846153847,0.15384615384615385,0
516,10,64.83,6.483,20.7,12.9,0.1,0
517,20,555.08,27.754,55.2,13.75,0.3,0
518,4,48.69,12.1725,110.75,5.5,0.75,0
519,3,32.11,10.703333333333333,130.0,14.666666666666666,0.0,0
520,8,90.19,11.27375,113.375,16.125,0.625,0
521,1,3.59,3.59,30.0,9.0,0.0,0
522,3,62.51,20.836666666666666,107.33333333333333,10.666666666666666,0.0,0
523,1,25.34,25.34,38.0,7.0,0.0,0
524,1,50.94,50.94,667.0,20.0,0.0,0
525,18,120.45,6.691666666666666,345.44444444444446,15.61111111111111,0.3333333333333333,0
526,2,75.83,37.915,342.5,21.5,0.0,0
527,58,463.38,7.989310344827586,135.63793103448276,14.344827586206897,0.43103448275862066,0
528,30,1202.26,40.07533333333333,348.1333333333333,20.4,0.16666666666666666,0
529,1,27.23,27.23,250.0,21.0,0.0,0
530,1,25.42,25.42,231.0,20.0,0.0,0
531,1,8.49,8.49,75.0,22.0,0.0,0
532,6,62.79,10.465,94.66666666666667,18.5,0.16666666666666666,0
533,7,70.04,10.005714285714287,175.0,13.714285714285714,0.14285714285714285,0
534,5,45.76,9.152,179.8,17.6,0.4,0
535,1,43.98,43.98,379.0,15.0,0.0,0
536,14,314.41,22.457857142857144,33.42857142857143,21.0,0.07142857142857142,0
537,7,355.5,50.785714285714285,447.42857142857144,16.0,0.2857142857142857,0
538,4,52.04,13.01,119.0,14.25,0.0,0
539,10,284.16,28.416000000000004,124.7,18.6,0.0,0
540,3,102.56,34.18666666666667,39.666666666666664,14.333333333333334,0.0,0
541,25,218.61,8.7444,103.16,15.28,0.24,0
542,2,31.630000000000003,15.815000000000001,174.5,13.5,0.0,0
543,5,143.02,28.604000000000003,253.2,16.8,0.0,0
544,2,93.96000000000001,46.980000000000004,72.0,15.0,0.5,0
545,35,364.21,10.405999999999999,19.542857142857144,13.542857142857143,0.22857142857142856,0
546,3,54.45,18.150000000000002,55.333333333333336,13.666666666666666,0.0,0
547,19,130.81,6.884736842105263,112.47368421052632,14.052631578947368,0.3157894736842105,0
548,1,8.6,8.6,139.0,12.0,0.0,0
549,9,170.36,18.928888888888892,73.44444444444444,14.333333333333334,0.3333333333333333,0
550,1,0.77,0.77,7.0,13.0,0.0,0
551,1,14.86,14.86,133.0,10.0,0.0,0
553,29,226.75,7.818965517241379,56.724137931034484,13.379310344827585,0.3793103448275862,0
554,27,522.99,19.37,46.51851851851852,12.62962962962963,0.4074074074074074,0
555,2,50.01,25.005,860.5,16.5,0.0,0
556,3,145.59,48.53,579.3333333333334,17.333333333333332,0.3333333333333333,0
557,10,270.44,27.044,95.2,13.4,0.2,0
558,13,36.7,2.8230769230769233,78.53846153846153,14.846153846153847,0.38461538461538464,0
559,1,51.59,51.59,453.0,16.0,0.0,0
560,13,90.91,6.993076923076923,68.92307692307692,14.461538461538462,0.23076923076923078,0
561,2,17.31,8.655,148.0,12.5,0.5,0
562,15,361.11,24.074,39.86666666666667,13.466666666666667,0.6,0
563,1,26.03,26.03,38.0,14.0,0.0,0
564,5,110.6,22.119999999999997,65.0,12.8,0.0,0
565,3,10.94,3.6466666666666665,54.666666666666664,14.333333333333334,0.0,0
566,2,73.98,36.99,322.0,0.5,0.5,0
567,7,188.29999999999998,26.9,320.57142857142856,19.571428571428573,0.2857142857142857,0
568,8,102.89999999999999,12.862499999999999,29.875,16.375,0.25,0
569,2,24.66,12.33,106.5,16.5,0.0,0
570,1,28.12,28.12,44.0,19.0,0.0,0
571,17,307.17,18.068823529411766,83.76470588235294,16.0,0.47058823529411764,0
572,9,108.13,12.014444444444443,312.3333333333333,12.777777777777779,0.0,0
573,7,169.81,24.25857142857143,51.714285714285715,14.0,0.2857142857142857,0
574,24,535.51,22.312916666666666,33.458333333333336,13.416666666666666,0.20833333333333334,0
575,13,74.98,5.767692307692308,51.0,10.615384615384615,0.23076923076923078,0
576,5,95.27999999999999,19.055999999999997,47.2,14.0,0.0,0
577,2,83.99000000000001,41.995000000000005,114.0,13.0,0.0,0
578,1,53.31,53.31,480.0,22.0,0.0,0
579,14,323.87,23.13357142857143,205.0,17.0,0.21428571428571427,0
580,1,33.02,33.02,293.0,23.0,0.0,0
581,2,34.1,17.05,146.0,20.5,0.0,0
582,71,1300.15,18.311971830985918,35.40845070422535,14.394366197183098,0.23943661971830985,1
583,5,103.03,20.606,33.6,15.6,0.0,0
584,5,39.32,7.864,56.4,15.4,0.2,0
585,5,36.31,7.2620000000000005,56.4,16.0,0.0,0
586,6,23.01,3.8350000000000004,78.33333333333333,13.5,0.5,0
587,1,8.7,8.7,77.0,13.0,0.0,0
590,2,56.71,28.355,257.5,20.5,0.5,0
591,1,50.67,50.67,451.0,17.0,0.0,0
592,2,24.450000000000003,12.225000000000001,20.5,20.0,0.0,0
594,65,1687.7,25.964615384615385,262.0769230769231,14.76923076923077,0.03076923076923077,1
596,3,17.81,5.9366666666666665,102.66666666666667,16.666666666666668,0.3333333333333333,0
597,7,26.82,3.8314285714285714,67.28571428571429,10.142857142857142,0.0,0
598,41,1120.07,27.318780487804876,249.0731707317073,14.0,0.024390243902439025,0
599,38,526.98,13.867894736842105,102.28947368421052,12.552631578947368,0.39473684210526316,0
600,2,34.55,17.275,33.5,11.0,0.5,0
601,1,14.65,14.65,19.0,8.0,0.0,0
602,1,60.02,60.02,560.0,22.0,1.0,0
603,34,1451.82,42.70058823529411,381.79411764705884,18.058823529411764,0.3235294117647059,1
604,1,21.13,21.13,197.0,22.0,1.0,0
605,2,10.290000000000001,5.1450000000000005,32.0,18.0,0.5,0
606,8,186.93,23.36625,34.375,13.625,0.375,0
607,3,18.68,6.226666666666667,104.33333333333333,14.0,0.6666666666666666,0
608,3,54.00999999999999,18.00333333333333,20.333333333333332,15.666666666666666,0.3333333333333333,0
609,6,99.92,16.653333333333332,28.5,11.5,0.6666666666666666,0
610,3,26.130000000000003,8.71,83.33333333333333,12.333333333333334,0.3333333333333333,0
611,28,785.64,28.05857142857143,62.67857142857143,13.285714285714286,0.25,0
612,4,91.71,22.9275,81.0,14.5,0.75,0
613,1,9.3,9.3,82.0,10.0,0.0,0
614,3,47.11,15.703333333333333,47.666666666666664,8.666666666666666,0.3333333333333333,0
615,28,382.03000000000003,13.643928571428573,39.82142857142857,12.964285714285714,0.5,0
616,1,31.63,31.63,22.0,4.0,1.0,0
618,1,58.29,58.29,498.0,17.0,1.0,0
620,1,19.68,19.68,175.0,20.0,1.0,0
621,9,105.84,11.76,57.111111111111114,12.88888888888889,0.4444444444444444,0
622,1,7.22,7.22,89.0,17.0,1.0,0
623,5,82.61,16.522,34.0,14.0,1.0,0
624,1,3.48,3.48,37.0,19.0,0.0,0
625,1,1.97,1.97,17.0,15.0,1.0,0
626,1,8.23,8.23,137.0,15.0,1.0,0
627,167,1595.89,9.55622754491018,163.99401197604791,12.203592814371257,0.07784431137724551,1
628,12,114.33,9.5275,80.58333333333333,11.083333333333334,0.4166666666666667,0
629,1,32.8,32.8,617.0,19.0,0.0,0
630,2,53.7,26.85,245.0,21.0,0.0,0
631,10,99.88,9.988,87.8,10.3,0.0,0
632,1,29.97,29.97,455.0,18.0,0.0,0
633,7,162.35999999999999,23.194285714285712,212.0,18.714285714285715,0.2857142857142857,0
634,45,1776.13,39.46955555555556,353.0888888888889,17.155555555555555,0.3111111111111111,1
635,1,29.39,29.39,40.0,16.0,0.0,0
636,34,543.25,15.977941176470589,157.85294117647058,14.735294117647058,0.20588235294117646,0
637,3,56.940000000000005,18.98,32.666666666666664,17.0,0.0,0
638,1,57.63,57.63,27.0,13.0,0.0,0
639,1,12.4,12.4,23.0,13.0,0.0,0
640,7,39.71,5.672857142857143,98.57142857142857,13.857142857142858,0.42857142857142855,0
641,2,49.879999999999995,24.939999999999998,32.0,12.5,0.5,0
642,8,141.02,17.6275,30.625,14.25,0.375,0
643,22,380.11,17.277727272727272,103.77272727272727,13.818181818181818,0.13636363636363635,0
644,1,43.53,43.53,389.0,18.0,0.0,0
645,11,207.22,18.83818181818182,183.72727272727272,13.272727272727273,0.09090909090909091,0
646,4,72.94,18.235,163.5,17.75,0.0,0
647,1,26.28,26.28,40.0,19.0,0.0,0
651,2,24.98,12.49,117.0,6.5,0.0,0
652,2,54.419999999999995,27.209999999999997,255.5,20.0,0.0,0
653,1,21.74,21.74,182.0,0.0,0.0,0
655,2,46.730000000000004,23.365000000000002,210.0,20.0,0.5,0
656,1,20.72,20.72,57.0,14.0,0.0,0
657,54,645.62,11.955925925925927,212.64814814814815,12.703703703703704,0.3148148148148148,0
658,32,424.71999999999997,13.272499999999999,98.8125,15.3125,0.3125,0
659,2,30.009999999999998,15.004999999999999,127.5,9.5,0.0,0
660,1,7.23,7.23,64.0,10.0,0.0,0
661,1,12.44,12.44,212.0,7.0,0.0,0
662,14,187.46,13.39,77.21428571428571,11.428571428571429,0.0,0
663,23,560.45,24.367391304347827,76.17391304347827,12.782608695652174,0.21739130434782608,0
664,2,52.24,26.12,229.0,18.0,0.5,0
665,1,19.69,19.69,180.0,17.0,0.0,0
666,8,9.57,1.19625,11.375,16.625,0.5,0
667,13,88.92,6.84,91.84615384615384,15.307692307692308,0.3076923076923077,0
668,27,665.59,24.651481481481483,72.33333333333333,11.88888888888889,0.2222222222222222,0
669,1,29.9,29.9,40.0,11.0,0.0,0
670,3,69.43,23.143333333333334,71.33333333333333,15.0,0.0,0
671,56,924.66,16.511785714285715,29.553571428571427,14.392857142857142,0.21428571428571427,0
672,1,40.05,40.05,362.0,18.0,1.0,0
673,1,4.71,4.71,43.0,16.0,1.0,0
674,1,12.58,12.58,20.0,10.0,1.0,0
675,1,45.12,45.12,422.0,18.0,1.0,0
676,8,114.31,14.28875,253.375,10.5,0.25,0
677,1,35.19,35.19,322.0,17.0,1.0,0
678,1,46.83,46.83,433.0,15.0,1.0,0
679,1,18.01,18.01,35.0,18.0,1.0,0
680,1,7.42,7.42,145.0,15.0,1.0,0
681,26,712.03,27.38576923076923,231.15384615384616,12.23076923076923,0.5769230769230769,0
682,3,45.800000000000004,15.266666666666667,161.66666666666666,11.666666666666666,0.6666666666666666,0
684,54,283.84,5.256296296296296,45.98148148148148,13.5,0.3333333333333333,0
685,1,3.58,3.58,92.0,9.0,1.0,0
686,4,239.04999999999998,59.762499999999996,513.25,17.75,0.0,0
687,2,0.81,0.405,12.5,20.0,0.0,0
688,8,42.730000000000004,5.3412500000000005,50.375,14.5,0.25,0
689,2,20.36,10.18,14.0,8.0,0.0,0
690,22,1031.35,46.87954545454545,397.8181818181818,17.363636363636363,0.36363636363636365,0
691,1,39.99,39.99,416.0,17.0,0.0,0
692,1,9.97,9.97,170.0,16.0,0.0,0
694,5,39.089999999999996,7.818,79.4,18.0,0.0,0
695,2,24.13,12.065,209.5,19.5,0.5,0
696,5,37.5,7.5,73.2,16.8,0.4,0
697,24,131.39,5.4745833333333325,117.33333333333333,12.458333333333334,0.16666666666666666,0
698,12,215.94,17.995,25.916666666666668,16.5,0.3333333333333333,0
699,7,95.57,13.652857142857142,20.857142857142858,13.714285714285714,0.14285714285714285,0
700,11,89.65,8.15,70.54545454545455,16.09090909090909,0.36363636363636365,0
701,6,57.449999999999996,9.575,99.16666666666667,15.0,0.0,0
702,14,198.8,14.200000000000001,62.5,13.785714285714286,0.5,0
703,23,278.6,12.11304347826087,68.65217391304348,10.956521739130435,0.5652173913043478,0
704,37,274.66,7.423243243243244,83.97297297297297,13.378378378378379,0.21621621621621623,0
705,3,2.4,0.7999999999999999,14.0,14.333333333333334,0.0,0
706,23,294.48,12.803478260869566,36.91304347826087,15.652173913043478,0.34782608695652173,0
707,3,28.7,9.566666666666666,96.33333333333333,9.333333333333334,0.0,0
708,29,181.77,6.267931034482759,107.93103448275862,11.275862068965518,0.20689655172413793,0
709,1,24.52,24.52,40.0,18.0,0.0,0
710,1,0.07,0.07,1.0,16.0,0.0,0
711,3,56.34,18.78,45.333333333333336,13.0,0.3333333333333333,0
712,8,128.92000000000002,16.115000000000002,36.5,11.625,0.125,0
713,11,304.56,27.687272727272727,247.0909090909091,16.363636363636363,0.45454545454545453,0
714,42,404.57,9.632619047619048,92.14285714285714,13.214285714285714,0.30952380952380953,0
715,9,48.0,5.333333333333333,97.77777777777777,12.444444444444445,0.5555555555555556,0
716,26,486.76,18.72153846153846,94.92307692307692,14.923076923076923,0.38461538461538464,0
717,45,1881.71,41.815777777777775,541.0,14.733333333333333,0.37777777777777777,1
718,108,595.0,5.5092592592592595,94.16666666666667,13.453703703703704,0.24074074074074073,1
719,8,86.03,10.75375,262.625,16.0,0.375,0
720,214,4854.33,22.68378504672897,211.91121495327104,16.869158878504674,0.2850467289719626,1
721,1,6.81,6.81,165.0,19.0,1.0,0
722,1,23.35,23.35,215.0,18.0,1.0,0
723,3,53.78,17.926666666666666,43.0,13.666666666666666,0.3333333333333333,0
724,2,26.009999999999998,13.004999999999999,19.5,13.0,1.0,0
725,19,156.74,8.249473684210527,77.05263157894737,13.368421052631579,0.3157894736842105,0
726,3,55.879999999999995,18.626666666666665,294.0,16.0,0.6666666666666666,0
727,2,47.540000000000006,23.770000000000003,42.0,18.0,1.0,0
728,2,13.0,6.5,66.0,13.5,1.0,0
729,1,16.62,16.62,150.0,16.0,1.0,0
730,1,2.12,2.12,39.0,16.0,1.0,0
731,2,13.26,6.63,115.5,14.0,1.0,0
732,17,553.6,32.56470588235294,259.05882352941177,14.470588235294118,0.4117647058823529,0
733,1,1.5,1.5,25.0,12.0,0.0,0
734,2,20.51,10.255,93.5,16.0,0.5,0
736,37,438.7,11.856756756756756,26.513513513513512,14.621621621621621,0.13513513513513514,0
737,1,8.44,8.44,135.0,10.0,1.0,0
738,55,2335.93,42.47145454545454,362.6363636363636,16.90909090909091,0.3090909090909091,1
739,3,29.78,9.926666666666668,105.66666666666667,12.0,0.6666666666666666,0
740,7,127.12,18.16,150.71428571428572,17.428571428571427,0.7142857142857143,0
741,3,73.43,24.47666666666667,225.33333333333334,12.0,0.3333333333333333,0
742,2,64.02,32.01,299.0,13.0,0.5,0
743,2,40.36,20.18,175.0,13.5,1.0,0
744,1,9.27,9.27,19.0,6.0,1.0,0
745,1,61.67,61.67,540.0,21.0,1.0,0
746,4,121.52000000000001,30.380000000000003,259.5,18.5,0.5,0
747,3,56.88,18.96,174.33333333333334,16.0,0.6666666666666666,0
748,6,119.05,19.841666666666665,181.66666666666666,14.833333333333334,0.5,0
749,10,134.13,13.413,277.3,14.8,0.4,0
750,1,9.19,9.19,89.0,21.0,1.0,0
751,13,198.95,15.303846153846154,25.307692307692307,19.076923076923077,0.23076923076923078,0
752,16,442.36,27.6475,63.375,16.5,0.4375,0
753,6,84.3,14.049999999999999,247.5,17.833333333333332,0.3333333333333333,0
754,7,149.39000000000001,21.341428571428573,40.285714285714285,16.142857142857142,0.2857142857142857,0
755,3,29.82,9.94,90.66666666666667,15.666666666666666,1.0,0
756,1,7.36,7.36,125.0,17.0,1.0,0
757,6,48.36,8.06,40.166666666666664,10.5,0.8333333333333334,0
758,6,150.85,25.141666666666666,217.0,13.0,0.6666666666666666,0
759,2,37.31,18.655,317.5,18.5,0.5,0
760,2,70.33,35.165,40.0,13.0,0.5,0
761,1,16.37,16.37,149.0,14.0,1.0,0
762,14,135.02,9.644285714285715,101.78571428571429,12.285714285714286,0.2857142857142857,0
763,1,7.7,7.7,68.0,15.0,1.0,0
765,11,331.55,30.14090909090909,54.72727272727273,14.727272727272727,0.5454545454545454,0
766,22,154.28,7.012727272727273,147.5909090909091,13.0,0.4090909090909091,0
767,2,12.39,6.195,107.0,16.0,0.5,0
768,48,816.42,17.00875,52.770833333333336,15.208333333333334,0.5625,0
769,52,1410.39,27.122884615384617,77.73076923076923,16.057692307692307,0.36538461538461536,1
770,1,3.75,3.75,40.0,10.0,1.0,0
771,5,66.43,13.286000000000001,39.8,14.0,0.4,0
772,2,10.200000000000001,5.1000000000000005,45.5,6.5,1.0,0
773,2,57.36,28.68,253.0,19.5,0.0,0
774,7,248.8,35.542857142857144,336.42857142857144,17.142857142857142,0.14285714285714285,0
775,1,20.1,20.1,179.0,1.0,1.0,0
776,1,36.45,36.45,325.0,21.0,0.0,0
777,1,27.69,27.69,262.0,21.0,0.0,0
778,3,64.91,21.636666666666667,203.33333333333334,18.666666666666668,0.0,0
779,2,33.39,16.695,150.0,19.5,0.0,0
780,1,19.6,19.6,33.0,23.0,0.0,0
781,2,74.34,37.17,52.5,22.5,0.5,0
782,21,284.56,13.550476190476191,787.8095238095239,16.80952380952381,0.3333333333333333,0
783,1,3.13,3.13,30.0,19.0,0.0,0
784,5,63.67000000000001,12.734000000000002,42.8,13.8,0.0,0
785,7,155.95,22.27857142857143,37.857142857142854,14.428571428571429,0.14285714285714285,0
786,2,28.15,14.075,37.5,19.5,0.0,0
787,2,13.42,6.71,73.0,16.0,0.0,0
788,40,542.46,13.5615,31.9,12.0,0.075,0
789,1,7.06,7.06,9.0,14.0,0.0,0
790,3,22.38,7.46,128.0,12.333333333333334,0.0,0
791,28,616.73,22.02607142857143,46.357142857142854,15.75,0.25,0
792,9,34.72,3.8577777777777778,69.66666666666667,14.0,0.3333333333333333,0
793,1,24.5,24.5,651.0,20.0,0.0,0
794,57,610.72,10.714385964912282,214.33333333333334,19.666666666666668,0.40350877192982454,0
795,1,35.53,35.53,311.0,20.0,0.0,0
796,2,75.22,37.61,388.5,20.0,0.0,0
797,5,49.65,9.93,122.8,11.8,0.6,0
800,2,49.53,24.765,222.5,19.0,0.0,0
801,2,39.870000000000005,19.935000000000002,180.0,18.0,0.0,0
802,4,36.14,9.035,104.5,12.5,0.0,0
803,27,216.26,8.009629629629629,72.66666666666667,18.85185185185185,0.18518518518518517,0
804,5,32.28,6.456,60.4,16.8,0.0,0
805,1,0.1,0.1,1.0,18.0,1.0,0
806,15,268.83,17.922,69.4,15.0,0.26666666666666666,0
807,23,196.0,8.521739130434783,87.26086956521739,13.304347826086957,0.17391304347826086,0
808,26,246.1,9.465384615384615,96.03846153846153,10.192307692307692,0.0,0
809,1,3.5,3.5,32.0,13.0,0.0,0
810,2,17.060000000000002,8.530000000000001,76.0,11.0,0.0,0
811,2,19.74,9.87,118.5,11.0,0.0,0
812,163,4079.58,25.028098159509202,135.33128834355827,14.503067484662576,0.26380368098159507,1
813,3,43.08,14.36,42.666666666666664,12.0,0.3333333333333333,0
814,1,59.96,59.96,540.0,20.0,0.0,0
815,2,66.52,33.26,293.5,19.0,0.0,0
816,3,89.69999999999999,29.899999999999995,306.0,15.666666666666666,0.3333333333333333,0
817,1,27.06,27.06,258.0,19.0,0.0,0
818,5,42.16,8.431999999999999,149.6,17.6,0.2,0
819,1,49.11,49.11,67.0,21.0,0.0,0
820,47,716.47,15.24404255319149,115.93617021276596,15.0,0.3829787234042553,0
821,3,51.04,17.013333333333332,36.333333333333336,14.333333333333334,1.0,0
823,1,21.04,21.04,175.0,16.0,0.0,0
824,38,387.25,10.19078947368421,14.078947368421053,14.368421052631579,0.2631578947368421,0
825,1,3.33,3.33,55.0,15.0,0.0,0
826,5,80.69,16.137999999999998,134.8,10.6,0.0,0
827,22,667.22,30.328181818181818,132.0,13.727272727272727,0.13636363636363635,0
828,1,8.95,8.95,15.0,15.0,0.0,0
829,7,34.66,4.951428571428571,83.71428571428571,14.0,0.42857142857142855,0
830,3,34.74,11.58,193.0,9.333333333333334,0.0,0
831,8,163.95999999999998,20.494999999999997,45.625,16.0,0.375,0
832,2,29.7,14.85,59.0,10.5,0.5,0
833,1,20.49,20.49,34.0,9.0,0.0,0
834,6,234.2,39.03333333333333,368.8333333333333,15.666666666666666,0.0,0
835,15,724.67,48.31133333333333,441.06666666666666,16.0,0.4,0
836,4,42.45,10.6125,467.0,11.0,0.25,0
838,14,190.35,13.596428571428572,289.35714285714283,14.785714285714286,0.14285714285714285,0
839,4,59.04,14.76,75.25,4.0,0.5,0
840,2,66.22,33.11,300.0,21.0,0.5,0
842,4,39.65,9.9125,179.75,19.5,0.5,0
843,31,589.56,19.01806451612903,165.2258064516129,17.967741935483872,0.2903225806451613,0
844,10,78.82,7.882,143.6,15.4,0.4,0
845,10,41.99,4.199,71.7,13.2,0.3,0
846,3,61.0,20.333333333333332,189.66666666666666,16.0,0.0,0
848,5,20.84,4.168,50.4,12.8,0.2,0
849,9,117.85,13.094444444444443,32.44444444444444,10.0,0.3333333333333333,0
850,4,42.89,10.7225,87.75,13.0,0.75,0
851,15,553.81,36.92066666666666,59.13333333333333,14.333333333333334,0.3333333333333333,0
852,50,353.98,7.0796,60.4,11.86,0.04,0
853,1,61.66,61.66,540.0,21.0,0.0,0
854,2,28.7,14.35,125.5,21.5,0.0,0
855,11,291.78,26.525454545454544,58.54545454545455,16.09090909090909,0.5454545454545454,0
856,10,54.67,5.4670000000000005,91.4,15.2,0.4,0
857,1,6.3,6.3,55.0,14.0,0.0,0
858,4,52.23,13.0575,122.0,14.25,0.25,0
859,1,0.5,0.5,5.0,15.0,0.0,0
860,16,97.25,6.078125,56.875,12.5625,0.0,0
861,2,44.56,22.28,35.5,18.0,0.5,0
862,7,22.97,3.281428571428571,56.42857142857143,13.571428571428571,0.2857142857142857,0
863,31,480.74,15.507741935483871,37.354838709677416,13.67741935483871,0.2903225806451613,0
864,24,442.86,18.4525,49.041666666666664,14.166666666666666,0.125,0
865,2,59.03,29.515,270.0,21.0,1.0,0
866,2,81.80000000000001,40.900000000000006,374.0,20.0,1.0,0
868,6,102.25,17.041666666666668,155.16666666666666,18.666666666666668,0.6666666666666666,0
869,16,113.33,7.083125,65.875,15.625,0.1875,0
870,1,34.43,34.43,41.0,19.0,1.0,0
871,1,20.27,20.27,27.0,19.0,1.0,0
872,1,28.52,28.52,273.0,15.0,1.0,0
873,4,95.61,23.9025,38.5,8.75,0.5,0
874,2,56.05,28.025,245.0,17.0,1.0,0
875,1,11.96,11.96,21.0,17.0,1.0,0
876,1,3.38,3.38,59.0,15.0,1.0,0
877,26,353.6,13.600000000000001,134.15384615384616,14.038461538461538,0.6153846153846154,0
878,1,7.2,7.2,117.0,12.0,1.0,0
879,1,3.55,3.55,10.0,14.0,1.0,0
880,51,643.68,12.621176470588233,31.96078431372549,15.117647058823529,0.5098039215686274,0
882,8,130.86,16.3575,29.25,13.75,0.5,0
883,5,15.06,3.012,51.6,12.4,0.6,0
884,2,13.68,6.84,110.5,9.0,1.0,0
885,1,40.96,40.96,374.0,22.0,1.0,0
886,41,546.9399999999999,13.339999999999998,131.85365853658536,12.682926829268293,0.21951219512195122,0
887,15,201.43,13.428666666666667,276.8666666666667,16.0,0.13333333333333333,0
888,14,236.71,16.907857142857143,57.357142857142854,14.642857142857142,0.5,0
889,4,95.71,23.9275,112.0,13.75,0.25,0
890,7,174.79000000000002,24.970000000000002,159.85714285714286,18.428571428571427,0.14285714285714285,0
891,3,32.9,10.966666666666667,189.0,17.333333333333332,0.6666666666666666,0
892,31,224.11,7.2293548387096775,125.93548387096774,13.903225806451612,0.2903225806451613,0
893,1,21.79,21.79,373.0,13.0,1.0,0
894,2,64.56,32.28,50.5,14.5,0.5,0
895,2,57.580000000000005,28.790000000000003,278.5,16.0,0.5,0
896,1,34.56,34.56,44.0,13.0,1.0,0
897,4,113.4,28.35,41.75,15.75,0.0,0
898,2,18.6,9.3,82.0,10.5,1.0,0
899,3,57.71,19.236666666666668,69.33333333333333,18.0,0.3333333333333333,0
900,16,163.43,10.214375,184.5625,14.875,0.1875,0
901,5,147.84,29.568,48.2,14.6,0.2,0
902,2,10.85,5.425,66.0,10.0,0.5,0
903,4,28.67,7.1675,129.75,11.0,0.25,0
904,16,124.63,7.789375,145.5,11.875,0.1875,0
906,2,55.78,27.89,265.5,18.0,0.0,0
908,2,11.51,5.755,131.5,17.0,0.0,0
910,55,545.63,9.920545454545454,81.25454545454545,13.8,0.36363636363636365,0
911,1,37.47,37.47,351.0,15.0,0.0,0
912,71,1194.96,16.83042253521127,144.6056338028169,17.676056338028168,0.1267605633802817,1
914,2,11.72,5.86,53.5,18.0,0.5,0
915,2,59.64,29.82,43.5,17.5,0.0,0
916,3,24.87,8.290000000000001,88.66666666666667,14.0,0.0,0
917,10,57.61,5.761,103.0,16.7,0.0,0
918,1,7.52,7.52,73.0,12.0,0.0,0
919,1,10.37,10.37,94.0,11.0,0.0,0
920,5,79.37,15.874,43.0,11.6,0.0,0
921,6,115.14999999999999,19.191666666666666,167.5,11.333333333333334,0.16666666666666666,0
922,16,279.69,17.480625,38.375,13.1875,0.3125,0
923,4,88.6,22.15,397.25,15.75,0.25,0
924,3,61.84,20.613333333333333,257.6666666666667,15.333333333333334,0.0,0
925,2,93.06,46.53,435.5,18.5,0.0,0
926,4,123.67999999999999,30.919999999999998,173.0,14.0,0.25,0
927,91,3156.8,34.690109890109895,348.5934065934066,17.98901098901099,0.17582417582417584,1
928,1,7.34,7.34,65.0,19.0,0.0,0
929,5,37.36,7.4719999999999995,79.4,13.6,0.4,0
930,1,5.3,5.3,271.0,13.0,0.0,0
932,44,900.6,20.46818181818182,352.3863636363636,7.840909090909091,0.06818181818181818,0
933,1,3.55,3.55,58.0,12.0,0.0,0
934,1,12.72,12.72,43.0,11.0,0.0,0
935,1,35.68,35.68,38.0,10.0,0.0,0
936,3,22.900000000000002,7.633333333333334,116.0,12.666666666666666,0.0,0
937,1,5.0,5.0,46.0,11.0,0.0,0
939,2,24.55,12.275,106.5,9.5,0.0,0
941,23,135.91,5.909130434782608,103.78260869565217,13.565217391304348,0.4782608695652174,0
942,2,13.649999999999999,6.824999999999999,114.0,6.5,0.0,0
943,1,15.04,15.04,24.0,7.0,0.0,0
945,5,38.04,7.608,132.0,15.8,0.4,0
946,5,66.08,13.216,117.6,14.8,0.6,0
947,5,92.91,18.582,63.8,15.8,0.2,0
948,2,52.11,26.055,119.0,13.5,0.0,0
949,1,4.42,4.42,9.0,16.0,0.0,0
950,5,77.89,15.578,207.0,8.8,0.0,0
951,10,76.75,7.675,133.4,13.1,0.1,0
952,59,767.54,13.009152542372881,40.0,14.033898305084746,0.1864406779661017,0
953,1,10.6,10.6,92.0,11.0,0.0,0
954,3,49.71,16.57,44.0,11.666666666666666,0.3333333333333333,0
955,2,64.30000000000001,32.150000000000006,429.0,20.0,0.5,0
956,1,13.35,13.35,120.0,21.0,0.0,0
958,1,9.03,9.03,170.0,17.0,0.0,0
959,3,58.08,19.36,86.66666666666667,12.666666666666666,0.6666666666666666,0
960,15,382.31,25.487333333333332,36.86666666666667,14.066666666666666,0.26666666666666666,0
961,1,22.86,22.86,212.0,13.0,0.0,0
963,1,4.5,4.5,38.0,13.0,0.0,0
964,2,42.11,21.055,32.5,13.0,0.0,0
965,2,3.43,1.715,15.5,12.0,0.0,0
966,2,14.46,7.23,127.5,9.5,0.0,0
967,1,2.13,2.13,38.0,12.0,0.0,0
968,2,18.84,9.42,170.5,14.5,0.0,0
969,3,44.8,14.933333333333332,135.66666666666666,14.333333333333334,0.6666666666666666,0
970,1,5.6,5.6,50.0,4.0,0.0,0
971,2,71.53,35.765,317.5,13.0,1.0,0
972,35,565.41,16.154571428571426,27.37142857142857,14.742857142857142,0.17142857142857143,0
973,2,10.44,5.22,45.0,16.0,0.0,0
974,2,33.839999999999996,16.919999999999998,225.5,17.5,0.5,0
975,10,93.47,9.347,44.8,14.2,0.1,0
977,1,5.66,5.66,60.0,9.0,0.0,0
978,1,49.57,49.57,433.0,23.0,0.0,0
979,2,63.8,31.9,289.0,18.5,0.0,0
980,2,20.790000000000003,10.395000000000001,94.0,20.5,0.0,0
981,1,4.22,4.22,9.0,21.0,0.0,0
982,5,26.209999999999997,5.241999999999999,47.0,10.4,0.6,0
983,2,16.75,8.375,75.5,8.0,0.0,0
985,20,705.8199999999999,35.291,351.8,16.9,0.15,0
986,6,84.42999999999999,14.071666666666665,136.83333333333334,19.333333333333332,0.3333333333333333,0
987,2,41.86,20.93,102.5,20.5,0.5,0
989,2,43.81,21.905,196.0,17.5,0.5,0
990,1,29.28,29.28,248.0,12.0,0.0,0
991,3,32.980000000000004,10.993333333333334,21.0,17.666666666666668,0.6666666666666666,0
994,48,1315.98,27.41625,288.8125,17.625,0.3541666666666667,1
995,1,38.0,38.0,325.0,19.0,1.0,0
996,1,17.14,17.14,146.0,21.0,1.0,0
997,2,61.61,30.805,60.0,18.0,1.0,0
998,3,32.09,10.696666666666667,36.666666666666664,18.333333333333332,0.3333333333333333,0
999,1,7.81,7.81,132.0,11.0,1.0,0
1000,5,70.88,14.175999999999998,138.0,14.8,0.8,0
1001,13,96.08,7.390769230769231,66.38461538461539,14.923076923076923,0.46153846153846156,0
1002,2,30.57,15.285,25.0,16.5,0.5,0
1003,6,39.09,6.515000000000001,109.5,13.333333333333334,0.5,0
1004,3,35.95,11.983333333333334,107.0,17.333333333333332,0.3333333333333333,0
1005,12,268.25,22.354166666666668,215.25,18.0,0.5,0
1008,4,125.0,31.25,44.75,13.5,0.0,0
1010,1,37.21,37.21,326.0,20.0,0.0,0
1011,74,2582.44,34.89783783783784,223.16216216216216,12.513513513513514,0.33783783783783783,1
1012,3,46.09,15.363333333333335,140.33333333333334,19.333333333333332,0.0,0
1013,2,35.8,17.9,211.0,15.5,0.0,0
1014,3,26.35,8.783333333333333,151.33333333333334,13.333333333333334,0.3333333333333333,0
1015,2,33.7,16.85,150.5,0.0,0.0,0
1018,3,53.22,17.74,27.333333333333332,16.666666666666668,0.3333333333333333,0
1019,4,14.85,3.7125,62.0,16.75,0.0,0
1020,9,92.0,10.222222222222221,23.555555555555557,14.444444444444445,0.0,0
1021,2,19.21,9.605,23.0,13.0,0.0,0
1022,9,105.43,11.714444444444446,115.11111111111111,14.333333333333334,0.2222222222222222,0
1023,8,111.49000000000001,13.936250000000001,63.625,12.25,0.25,0
1024,5,152.24,30.448,222.8,16.2,0.4,0
1025,4,45.29,11.3225,109.0,18.0,0.25,0
1026,2,11.39,5.695,55.5,11.5,0.5,0
1027,3,9.879999999999999,3.293333333333333,55.0,15.666666666666666,0.3333333333333333,0
1028,4,31.939999999999998,7.984999999999999,132.0,10.5,0.25,0
1029,1,7.1,7.1,64.0,16.0,1.0,0
1031,1,1.3,1.3,12.0,14.0,0.0,0
1032,3,2.66,0.8866666666666667,25.0,14.333333333333334,0.6666666666666666,0
1033,1,9.59,9.59,87.0,10.0,0.0,0
1034,1,69.71,69.71,606.0,19.0,0.0,0
1035,2,33.699999999999996,16.849999999999998,144.5,19.5,0.0,0
1036,2,76.13,38.065,360.0,19.0,0.5,0
1037,2,11.26,5.63,10.5,17.5,0.0,0
1038,1,18.5,18.5,24.0,21.0,0.0,0
1039,3,16.79,5.596666666666667,315.6666666666667,19.333333333333332,0.6666666666666666,0
1040,1,38.2,38.2,55.0,17.0,0.0,0
1041,1,10.59,10.59,21.0,17.0,0.0,0
1042,4,170.69,42.6725,65.0,13.0,0.0,0
1043,3,31.11,10.37,110.33333333333333,12.333333333333334,0.0,0
1044,1,14.89,14.89,132.0,12.0,0.0,0
1046,4,48.43,12.1075,211.75,13.25,0.25,0
1048,5,95.18,19.036,337.4,18.2,0.4,0
1049,2,34.0,17.0,169.5,17.5,1.0,0
1050,2,2.46,1.23,10.5,18.5,1.0,0
1051,12,257.16,21.430000000000003,37.916666666666664,13.166666666666666,0.16666666666666666,0
1052,2,53.46,26.73,247.5,14.5,0.5,0
1053,1,5.99,5.99,61.0,7.0,1.0,0
1054,1,35.47,35.47,300.0,23.0,1.0,0
1055,3,13.49,4.496666666666667,40.0,17.333333333333332,0.6666666666666666,0
1056,30,108.08,3.6026666666666665,64.3,18.966666666666665,0.26666666666666666,0
1057,5,36.18,7.236,67.4,21.4,0.2,0
1058,1,10.4,10.4,90.0,15.0,1.0,0
1059,3,48.84,16.28,24.0,14.333333333333334,0.0,0
1060,9,47.42,5.268888888888889,93.77777777777777,11.777777777777779,0.3333333333333333,0
1061,1,17.1,17.1,148.0,8.0,1.0,0
1062,1,27.34,27.34,40.0,9.0,1.0,0
1063,8,62.78,7.8475,76.625,13.875,0.75,0
1065,1,0.69,0.69,1.0,12.0,0.0,0
1066,1,0.47,0.47,4.0,16.0,0.0,0
1067,1,9.8,9.8,88.0,13.0,0.0,0
1068,6,61.17,10.195,93.16666666666667,14.833333333333334,0.6666666666666666,0
1069,2,50.12,25.06,32.0,11.5,0.0,0
1070,1,56.46,56.46,44.0,11.0,0.0,0
1071,45,368.87,8.197111111111111,86.33333333333333,14.177777777777777,0.26666666666666666,0
1072,1,19.64,19.64,39.0,10.0,0.0,0
1073,4,18.46,4.615,41.75,13.5,0.5,0
1074,1,45.8,45.8,416.0,21.0,0.0,0
1075,2,18.299999999999997,9.149999999999999,160.0,15.0,0.5,0
1076,3,79.47,26.49,40.333333333333336,18.666666666666668,0.0,0
1077,1,1.36,1.36,23.0,14.0,0.0,0
1078,9,42.89,4.765555555555555,83.55555555555556,9.555555555555555,0.1111111111111111,0
1079,2,68.0,34.0,338.0,13.5,0.0,0
1080,2,24.53,12.265,131.0,12.5,0.0,0
1081,24,212.99,8.874583333333334,167.0,17.083333333333332,0.125,0
1082,1,19.16,19.16,40.0,9.0,0.0,0
1083,1,18.84,18.84,64.0,15.0,0.0,0
1084,1,12.78,12.78,117.0,14.0,0.0,0
1086,1,11.35,11.35,97.0,10.0,0.0,0
1087,5,66.67,13.334,86.4,9.8,0.0,0
1088,2,7.8100000000000005,3.9050000000000002,37.5,13.0,0.0,0
1089,2,58.760000000000005,29.380000000000003,269.5,16.5,0.0,0
1092,1,24.7,24.7,44.0,15.0,0.0,0
1093,15,194.88,12.991999999999999,328.6,14.866666666666667,0.13333333333333333,0
1094,1,5.2,5.2,52.0,11.0,0.0,0
1096,11,254.61,23.14636363636364,204.8181818181818,16.454545454545453,0.36363636363636365,0
1097,2,27.0,13.5,117.0,21.0,0.0,0
1098,2,15.65,7.825,86.0,16.5,0.0,0
1099,1,37.15,37.15,479.0,19.0,1.0,0
1100,2,32.7,16.35,140.0,22.0,0.0,0
1101,11,53.91,4.90090909090909,83.63636363636364,13.363636363636363,0.45454545454545453,0
1102,1,21.77,21.77,194.0,23.0,0.0,0
1103,1,1.0,1.0,9.0,15.0,1.0,0
1104,2,31.95,15.975,159.5,16.0,0.0,0
1105,2,70.31,35.155,310.5,20.5,0.5,0
1106,1,6.4,6.4,58.0,10.0,1.0,0
1107,23,602.9,26.213043478260868,53.56521739130435,13.91304347826087,0.34782608695652173,0
1108,1,6.8,6.8,58.0,18.0,1.0,0
1109,5,38.55,7.709999999999999,500.6,17.8,0.2,0
1110,47,955.3,20.325531914893617,182.51063829787233,11.063829787234043,0.0425531914893617,0
1112,1,16.53,16.53,158.0,18.0,0.0,0
1113,2,6.28,3.14,38.0,14.5,0.5,0
1114,1,29.66,29.66,45.0,21.0,0.0,0
1115,1,8.5,8.5,81.0,9.0,1.0,0
1116,1,29.38,29.38,270.0,21.0,0.0,0
1117,2,12.14,6.07,103.5,13.5,0.0,0
1118,5,47.44,9.488,37.4,16.2,0.2,0
1119,3,77.37,25.790000000000003,38.0,18.0,0.0,0
1120,3,25.630000000000003,8.543333333333335,79.33333333333333,16.0,0.3333333333333333,0
1121,6,49.44,8.24,74.33333333333333,13.666666666666666,0.5,0
1122,2,48.04,24.02,43.5,12.5,0.0,0
1123,2,29.79,14.895,134.5,19.5,0.5,0
1124,22,760.09,34.54954545454546,301.77272727272725,17.40909090909091,0.18181818181818182,0
1125,8,75.88,9.485,46.5,14.375,0.625,0
1126,39,383.54,9.834358974358976,155.2051282051282,15.256410256410257,0.2564102564102564,0
1127,6,120.38,20.063333333333333,180.33333333333334,19.0,0.0,0
1128,6,41.68,6.946666666666666,63.333333333333336,13.833333333333334,0.6666666666666666,0
1129,2,68.56,34.28,142.0,11.5,0.0,0
1130,2,18.63,9.315,12.5,15.5,0.5,0
1131,1,59.82,59.82,540.0,21.0,0.0,0
1132,1,9.35,9.35,90.0,9.0,1.0,0
1133,1,42.58,42.58,383.0,21.0,0.0,0
1134,1,31.07,31.07,60.0,11.0,0.0,0
1135,2,49.800000000000004,24.900000000000002,226.5,16.0,0.0,0
1136,6,248.26000000000002,41.37666666666667,484.0,20.833333333333332,0.5,0
1137,21,200.57999999999998,9.55142857142857,81.42857142857143,15.857142857142858,0.42857142857142855,0
1138,5,83.43,16.686,99.4,15.2,0.0,0
1139,1,39.97,39.97,360.0,16.0,1.0,0
1140,2,36.2,18.1,168.5,12.5,0.0,0
1141,3,11.27,3.7566666666666664,19.333333333333332,17.666666666666668,1.0,0
1142,1,2.46,2.46,42.0,15.0,1.0,0
1144,2,36.55,18.275,160.0,19.5,1.0,0
1145,3,26.7,8.9,144.33333333333334,16.666666666666668,0.0,0
1146,3,129.15,43.050000000000004,283.6666666666667,16.0,0.0,0
1147,1,36.09,36.09,45.0,18.0,1.0,0
1148,1,22.3,22.3,200.0,9.0,0.0,0
1149,2,49.61,24.805,217.5,20.5,0.0,0
1150,1,32.91,32.91,436.0,9.0,0.0,0
1151,1,25.14,25.14,37.0,21.0,1.0,0
1152,3,7.29,2.43,42.0,17.333333333333332,0.3333333333333333,0
1153,7,28.22,4.031428571428571,17.428571428571427,12.714285714285714,0.2857142857142857,0
1154,31,1145.4099999999999,36.94870967741935,338.48387096774195,12.64516129032258,0.0967741935483871,0
1155,3,9.43,3.143333333333333,56.666666666666664,19.0,0.0,0
1156,1,10.41,10.41,91.0,9.0,1.0,0
1157,1,33.92,33.92,44.0,20.0,1.0,0
1158,1,22.33,22.33,36.0,14.0,0.0,0
1159,1,45.51,45.51,472.0,21.0,0.0,0
1160,2,12.42,6.21,54.5,11.0,0.5,0
1161,10,252.61,25.261000000000003,176.3,13.7,0.4,0
1162,2,24.47,12.235,21.0,9.0,0.0,0
1163,2,43.35,21.675,201.0,21.0,1.0,0
1164,8,92.71000000000001,11.588750000000001,61.375,16.125,0.25,0
1165,42,646.25,15.386904761904763,26.666666666666668,15.619047619047619,0.21428571428571427,0
1166,5,45.54,9.108,246.2,18.8,0.2,0
1167,3,65.87,21.956666666666667,139.0,12.0,0.6666666666666666,0
1168,27,462.14,17.116296296296294,57.888888888888886,13.0,0.2962962962962963,0
1171,1,25.75,25.75,44.0,16.0,0.0,0
1172,4,54.21,13.5525,133.25,14.75,0.75,0
1173,4,31.68,7.92,15.0,15.0,0.0,0
1174,1,3.1,3.1,53.0,13.0,0.0,0
1175,13,155.39,11.953076923076923,49.38461538461539,11.461538461538462,0.46153846153846156,0
1176,3,82.64999999999999,27.549999999999997,329.6666666666667,16.666666666666668,0.0,0
1177,11,228.5,20.772727272727273,190.9090909090909,12.545454545454545,0.2727272727272727,0
1178,1,33.08,33.08,300.0,22.0,0.0,0
1179,1,5.65,5.65,50.0,6.0,1.0,0
1180,2,21.28,10.64,56.5,17.0,0.0,0
1181,5,158.13,31.625999999999998,241.0,13.0,0.8,0
1182,1,3.55,3.55,59.0,12.0,0.0,0
1183,2,31.39,15.695,135.5,13.0,0.0,0
1184,10,244.64,24.464,68.1,14.8,0.2,0
1185,76,2141.67,28.179868421052632,44.75,12.092105263157896,0.3026315789473684,1
1186,1,6.85,6.85,60.0,20.0,0.0,0
1187,1,14.0,14.0,37.0,15.0,1.0,0
1188,10,74.46,7.446,73.1,16.0,0.1,0
1189,5,18.19,3.6380000000000003,60.8,16.8,0.6,0
1190,34,913.38,26.864117647058823,67.52941176470588,13.5,0.20588235294117646,0
1191,1,0.72,0.72,2.0,19.0,0.0,0
1193,3,32.09,10.696666666666667,97.33333333333333,18.0,1.0,0
1194,1,12.82,12.82,20.0,19.0,0.0,0
1195,1,2.62,2.62,24.0,12.0,0.0,0
1196,24,110.95,4.622916666666667,101.29166666666667,12.75,0.20833333333333334,0
1197,3,40.95,13.65,153.66666666666666,15.0,0.0,0
1198,1,19.71,19.71,183.0,19.0,0.0,0
1199,1,38.74,38.74,40.0,16.0,0.0,0
1200,1,24.51,24.51,33.0,19.0,1.0,0
1201,4,72.81,18.2025,28.75,9.75,0.5,0
1202,5,33.96,6.792,120.4,15.6,0.8,0
1203,1,20.42,20.42,179.0,16.0,0.0,0
1204,1,1.2,1.2,20.0,11.0,0.0,0
1205,1,44.13,44.13,63.0,10.0,0.0,0
1206,1,9.59,9.59,94.0,19.0,1.0,0
1207,3,50.68,16.893333333333334,161.33333333333334,20.333333333333332,0.3333333333333333,0
1208,22,717.51,32.61409090909091,271.3636363636364,12.409090909090908,0.3181818181818182,0
1209,8,183.38,22.9225,56.875,11.25,0.25,0
1210,10,268.12,26.812,242.3,18.9,0.3,0
1211,2,29.93,14.965,136.5,20.0,0.0,0
1212,10,247.54999999999998,24.755,39.1,14.0,0.1,0
1213,30,937.04,31.234666666666666,34.733333333333334,15.7,0.16666666666666666,0
1214,4,81.23,20.3075,125.75,16.25,0.25,0
1215,6,25.09,4.181666666666667,37.833333333333336,14.333333333333334,0.0,0
1216,1,2.7,2.7,44.0,13.0,0.0,0
1217,49,424.53,8.663877551020407,23.53061224489796,14.89795918367347,0.42857142857142855,0
1218,1,7.66,7.66,12.0,17.0,0.0,0
1219,279,2973.14,10.656415770609318,37.939068100358426,14.824372759856631,0.1827956989247312,1
1220,47,685.73,14.59,127.74468085106383,16.53191489361702,0.2553191489361702,0
1221,122,1951.07,15.992377049180327,134.99180327868854,15.60655737704918,0.040983606557377046,1
1222,87,948.64,10.903908045977012,110.54022988505747,16.95402298850575,0.13793103448275862,1
1223,82,1207.26,14.722682926829268,133.8658536585366,15.097560975609756,0.21951219512195122,1
1224,67,432.67,6.457761194029851,58.417910447761194,11.955223880597014,0.11940298507462686,0
1225,135,1751.08,12.970962962962963,120.54814814814814,16.962962962962962,0.2074074074074074,1
1226,35,498.95,14.255714285714285,132.37142857142857,17.0,0.11428571428571428,0
1227,42,849.57,20.227857142857143,176.97619047619048,17.547619047619047,0.21428571428571427,0
1228,153,1407.7,9.200653594771243,83.69281045751634,17.352941176470587,0.2222222222222222,1
1229,111,1519.6100000000001,13.690180180180182,36.34234234234234,13.45945945945946,0.15315315315315314,1
1230,95,1220.09,12.843052631578946,114.23157894736842,16.642105263157895,0.2,1
1231,55,890.11,16.183818181818182,150.74545454545455,17.163636363636364,0.18181818181818182,0
1232,13,121.71000000000001,9.362307692307693,164.46153846153845,14.384615384615385,0.23076923076923078,0
1234,2,46.7,23.35,43.5,10.0,0.5,0
1235,12,228.69,19.0575,39.0,13.416666666666666,0.16666666666666666,0
1237,2,26.62,13.31,21.5,13.0,0.0,0
1238,1,52.87,52.87,482.0,21.0,1.0,0
1239,1,6.79,6.79,60.0,13.0,0.0,0
1240,2,14.71,7.355,90.5,18.0,0.0,0
1241,13,224.37,17.25923076923077,139.84615384615384,15.692307692307692,0.15384615384615385,0
1242,5,96.97,19.394,35.0,14.4,0.4,0
1243,1,16.41,16.41,154.0,16.0,0.0,0
1244,3,88.47,29.49,275.0,20.333333333333332,0.0,0
1245,1,0.01,0.01,1.0,10.0,1.0,0
1246,3,15.91,5.303333333333334,82.0,13.333333333333334,0.6666666666666666,0
1247,38,1170.72,30.80842105263158,50.026315789473685,12.868421052631579,0.39473684210526316,0
1249,2,5.220000000000001,2.6100000000000003,3.5,13.0,0.0,0
1250,1,6.4,6.4,104.0,13.0,0.0,0
1251,1,22.38,22.38,202.0,10.0,0.0,0
1252,1,12.41,12.41,18.0,15.0,0.0,0
1253,3,25.46,8.486666666666666,96.0,18.333333333333332,0.0,0
1254,1,3.42,3.42,30.0,12.0,0.0,0
1255,1,11.87,11.87,110.0,12.0,0.0,0
1257,118,4866.21,41.23906779661017,452.60169491525426,19.093220338983052,0.3050847457627119,1
1259,1,18.59,18.59,165.0,6.0,0.0,0
1260,2,56.15,28.075,198.5,18.0,0.5,0
1261,1,50.13,50.13,438.0,17.0,0.0,0
1262,4,72.67999999999999,18.169999999999998,144.75,7.75,0.25,0
1263,1,20.07,20.07,181.0,17.0,0.0,0
1265,1,10.29,10.29,90.0,11.0,0.0,0
1266,6,103.65,17.275000000000002,71.66666666666667,16.0,0.0,0
1267,1,23.35,23.35,206.0,20.0,0.0,0
1268,4,58.53,14.6325,130.5,17.5,0.25,0
1269,2,10.4,5.2,52.0,15.0,0.5,0
1270,2,87.12,43.56,406.0,21.0,0.0,0
1271,2,62.47,31.235,51.5,13.0,0.0,0
1272,2,45.41,22.705,28.5,12.0,0.5,0
1273,1,6.67,6.67,57.0,12.0,0.0,0
1274,51,1471.81,28.859019607843138,262.6470588235294,12.647058823529411,0.27450980392156865,1
1275,2,5.22,2.61,42.5,12.0,0.0,0
1276,1,8.15,8.15,73.0,11.0,0.0,0
1277,10,71.6,7.159999999999999,65.4,13.2,0.4,0
1278,3,74.86,24.953333333333333,32.666666666666664,17.333333333333332,0.0,0
1279,3,47.61,15.87,139.33333333333334,14.666666666666666,0.0,0
1280,1,29.97,29.97,270.0,20.0,0.0,0
1281,4,29.23,7.3075,122.25,13.25,1.0,0
1282,17,358.54,21.09058823529412,31.58823529411765,13.529411764705882,0.5294117647058824,0
1283,22,180.52,8.205454545454545,76.5,12.0,0.22727272727272727,0
1284,3,77.98,25.993333333333336,41.0,18.0,0.0,0
1285,12,43.269999999999996,3.605833333333333,61.5,13.416666666666666,0.0,0
1286,2,48.59,24.295,34.5,23.0,0.0,0
1287,4,59.17,14.7925,28.25,17.5,0.75,0
1288,1,53.0,53.0,511.0,23.0,0.0,0
1289,2,45.59,22.795,196.5,17.5,0.0,0
1290,2,62.959999999999994,31.479999999999997,28.5,13.5,0.0,0
1291,1,1.49,1.49,2.0,19.0,1.0,0
1292,1,13.8,13.8,119.0,13.0,0.0,0
1293,1,10.99,10.99,162.0,16.0,0.0,0
1294,1,13.99,13.99,16.0,19.0,0.0,0
1295,10,204.29,20.429,186.3,11.5,0.3,0
1296,40,510.68,12.767,109.5,16.875,0.375,0
1297,21,493.65,23.507142857142856,57.142857142857146,11.380952380952381,0.47619047619047616,0
1298,4,19.97,4.9925,159.5,15.0,0.0,0
1299,3,51.05,17.016666666666666,160.0,15.666666666666666,0.3333333333333333,0
1300,1,8.14,8.14,99.0,10.0,0.0,0
1301,3,26.92,8.973333333333334,51.0,14.666666666666666,1.0,0
1302,18,475.4,26.41111111111111,237.0,18.22222222222222,0.3333333333333333,0
1303,5,14.65,2.93,49.4,19.4,0.4,0
1305,11,88.42,8.038181818181819,81.72727272727273,11.0,0.45454545454545453,0
1306,3,24.89,8.296666666666667,77.66666666666667,17.666666666666668,0.3333333333333333,0
1307,5,50.709999999999994,10.142,35.6,18.2,0.2,0
1308,1,10.0,10.0,86.0,19.0,1.0,0
1309,2,55.39,27.695,253.0,22.5,0.5,0
1310,1,8.26,8.26,104.0,14.0,1.0,0
1311,1,19.26,19.26,32.0,21.0,0.0,0
1312,3,53.31,17.77,30.666666666666668,17.333333333333332,0.3333333333333333,0
1313,6,62.42,10.403333333333334,173.16666666666666,13.666666666666666,0.0,0
1314,2,58.629999999999995,29.314999999999998,149.0,18.5,0.5,0
1315,2,44.61,22.305,195.0,23.0,0.0,0
1316,1,27.84,27.84,240.0,21.0,0.0,0
1317,2,47.08,23.54,206.5,17.5,1.0,0
1319,196,2844.86,14.514591836734695,31.943877551020407,12.943877551020408,0.17346938775510204,1
1320,9,224.13,24.903333333333332,38.44444444444444,15.444444444444445,0.3333333333333333,0
1321,5,35.6,7.12,61.2,15.4,0.6,0
1322,3,50.629999999999995,16.876666666666665,172.0,21.0,0.3333333333333333,0
1323,1,3.88,3.88,38.0,15.0,0.0,0
1324,1,47.23,47.23,420.0,21.0,0.0,0
1325,3,40.1,13.366666666666667,117.66666666666667,20.0,0.3333333333333333,0
1326,67,2143.8,31.997014925373136,47.014925373134325,11.134328358208956,0.23880597014925373,1
1328,1,11.18,11.18,95.0,10.0,0.0,0
1329,31,798.69,25.764193548387098,34.61290322580645,12.806451612903226,0.2903225806451613,0
1330,1,17.29,17.29,160.0,21.0,1.0,0
1331,1,6.24,6.24,62.0,17.0,0.0,0
1332,5,67.47,13.494,35.6,15.6,0.4,0
1333,1,11.03,11.03,100.0,22.0,1.0,0
1334,1,30.36,30.36,273.0,13.0,0.0,0
1335,4,29.150000000000002,7.2875000000000005,66.75,15.75,0.0,0
1336,1,3.94,3.94,76.0,14.0,1.0,0
1337,3,137.16,45.72,397.3333333333333,19.0,0.0,0
1338,5,145.79,29.157999999999998,257.2,12.2,0.2,0
1339,1,6.59,6.59,82.0,10.0,1.0,0
1340,1,17.77,17.77,21.0,11.0,1.0,0
1341,3,45.28,15.093333333333334,31.0,12.0,0.6666666666666666,0
1342,3,61.349999999999994,20.45,59.666666666666664,9.333333333333334,0.3333333333333333,0
1343,19,474.08,24.95157894736842,34.473684210526315,13.210526315789474,0.21052631578947367,0
1344,2,52.85,26.425,230.0,20.0,1.0,0
1345,2,35.72,17.86,156.5,15.0,0.0,0
1346,2,41.15,20.575,185.0,21.5,0.0,0
1347,1,9.18,9.18,78.0,11.0,0.0,0
1348,1,6.8,6.8,60.0,9.0,0.0,0
1349,1,6.71,6.71,60.0,8.0,0.0,0
1350,111,3446.36,31.04828828828829,140.018018018018,13.117117117117116,0.2882882882882883,1
1351,1,32.58,32.58,294.0,21.0,0.0,0
1352,44,154.22,3.505,201.95454545454547,10.181818181818182,0.045454545454545456,0
1354,18,105.98,5.887777777777778,111.72222222222223,14.5,0.3333333333333333,0
1355,1,47.66,47.66,423.0,18.0,0.0,0
1356,9,152.17,16.907777777777778,58.666666666666664,11.555555555555555,0.1111111111111111,0
1357,1,19.82,19.82,180.0,0.0,1.0,0
1358,3,34.21,11.403333333333334,22.0,10.333333333333334,0.3333333333333333,0
1359,2,11.43,5.715,51.5,17.0,0.0,0
1360,1,20.13,20.13,189.0,14.0,0.0,0
1361,23,438.61,19.07,175.43478260869566,16.52173913043478,0.30434782608695654,0
1362,49,712.89,14.54877551020408,36.46938775510204,15.0,0.14285714285714285,0
1363,6,218.8,36.46666666666667,304.8333333333333,14.0,0.16666666666666666,0
1364,1,48.75,48.75,437.0,16.0,1.0,0
1365,154,4895.77,31.790714285714287,280.18831168831167,19.363636363636363,0.2662337662337662,1
1366,2,31.48,15.74,151.5,19.0,0.0,0
1367,20,351.18,17.559,25.2,15.8,0.4,0
1369,2,65.29,32.645,50.0,19.5,0.5,0
1370,1,14.07,14.07,26.0,16.0,0.0,0
1371,3,42.28,14.093333333333334,133.0,20.0,0.0,0
1372,2,35.5,17.75,51.0,15.5,0.0,0
1373,9,176.99,19.665555555555557,40.333333333333336,14.666666666666666,0.1111111111111111,0
1374,1,19.52,19.52,176.0,20.0,0.0,0
1375,4,46.76,11.69,47.0,18.25,0.25,0
1376,4,93.56,23.39,167.25,17.75,0.75,0
1377,2,80.01,40.005,364.5,20.0,0.5,0
1378,8,64.2,8.025,138.5,14.75,0.25,0
1379,1,18.87,18.87,21.0,13.0,1.0,0
1380,1,17.83,17.83,150.0,9.0,0.0,0
1381,1,2.8,2.8,46.0,15.0,0.0,0
1382,2,10.219999999999999,5.109999999999999,45.0,18.0,1.0,0
1383,39,465.67,11.94025641025641,113.15384615384616,12.435897435897436,0.3076923076923077,0
1384,2,38.12,19.06,87.0,15.5,0.0,0
1385,2,23.25,11.625,101.5,18.0,0.0,0
1386,1,4.2,4.2,72.0,12.0,0.0,0
1387,14,139.45,9.960714285714285,60.07142857142857,11.071428571428571,0.5714285714285714,0
1388,2,20.13,10.065,78.0,16.0,0.0,0
1389,48,754.14,15.71125,39.166666666666664,16.270833333333332,0.4375,0
1390,1,1.0,1.0,10.0,10.0,0.0,0
1391,3,56.41,18.80333333333333,164.0,19.333333333333332,0.0,0
1392,7,76.17999999999999,10.882857142857143,181.57142857142858,16.857142857142858,0.14285714285714285,0
1393,2,16.93,8.465,144.5,18.5,0.0,0
1394,2,17.02,8.51,86.5,13.0,0.0,0
1395,2,25.43,12.715,20.0,21.0,1.0,0
1396,3,82.19,27.396666666666665,226.66666666666666,19.666666666666668,0.3333333333333333,0
1397,2,21.619999999999997,10.809999999999999,411.5,18.0,1.0,0
1398,31,465.84,15.027096774193547,46.03225806451613,13.129032258064516,0.2903225806451613,0
1400,32,509.21,15.9128125,27.96875,10.5625,0.15625,0
1401,58,810.85,13.980172413793104,169.08620689655172,16.724137931034484,0.13793103448275862,0
1402,49,1181.3,24.10816326530612,31.428571428571427,18.387755102040817,0.30612244897959184,0
1403,31,812.63,26.213870967741936,45.32258064516129,13.193548387096774,0.03225806451612903,0
1404,13,100.93,7.7638461538461545,136.46153846153845,17.23076923076923,0.3076923076923077,0
1405,1,10.61,10.61,23.0,11.0,1.0,0
1406,1,19.08,19.08,24.0,17.0,1.0,0
1407,14,101.22,7.2299999999999995,132.42857142857142,12.928571428571429,0.5,0
1408,2,56.59,28.295,269.5,9.0,0.0,0
1409,1,23.48,23.48,44.0,17.0,0.0,0
1410,85,552.95,6.505294117647059,120.05882352941177,16.423529411764704,0.2235294117647059,0
1411,39,353.1,9.053846153846154,388.20512820512823,15.846153846153847,0.23076923076923078,0
1412,1,7.3,7.3,64.0,10.0,0.0,0
1413,1,49.94,49.94,433.0,21.0,0.0,0
1414,4,50.44,12.61,47.5,15.75,0.75,0
1415,1,15.77,15.77,29.0,19.0,0.0,0
1416,8,91.49,11.43625,28.25,14.875,0.25,0
1417,13,63.3,4.869230769230769,86.38461538461539,16.692307692307693,0.46153846153846156,0
1418,1,7.66,7.66,67.0,16.0,0.0,0
1420,1,59.49,59.49,539.0,21.0,1.0,0
1421,1,16.82,16.82,40.0,16.0,1.0,0
1422,2,41.239999999999995,20.619999999999997,31.0,11.0,0.5,0
1423,33,300.93,9.11909090909091,154.27272727272728,14.151515151515152,0.06060606060606061,0
1424,3,41.400000000000006,13.800000000000002,116.0,14.666666666666666,0.6666666666666666,0
1425,2,47.5,23.75,42.5,14.5,1.0,0
1426,2,66.96000000000001,33.480000000000004,50.5,15.0,0.0,0
1428,1,13.38,13.38,120.0,15.0,0.0,0
1429,1,4.38,4.38,41.0,14.0,1.0,0
1430,1,26.04,26.04,240.0,22.0,1.0,0
1431,1,0.61,0.61,5.0,12.0,0.0,0
1432,2,33.0,16.5,150.0,18.5,1.0,0
1433,47,1352.1,28.768085106382976,24.74468085106383,11.212765957446809,0.1702127659574468,1
1434,1,41.31,41.31,43.0,20.0,1.0,0
1435,7,56.19,8.027142857142858,71.14285714285714,12.857142857142858,0.42857142857142855,0
1437,3,51.86,17.286666666666665,244.66666666666666,19.666666666666668,0.6666666666666666,0
1438,4,87.17,21.7925,29.5,13.5,0.25,0
1439,25,647.5,25.9,33.04,12.96,0.32,0
1440,1,1.27,1.27,23.0,16.0,1.0,0
1441,2,56.58,28.29,260.0,21.0,0.0,0
1442,1,9.38,9.38,10.0,16.0,0.0,0
1443,1,0.67,0.67,10.0,9.0,0.0,0
1444,3,50.06,16.686666666666667,46.333333333333336,13.333333333333334,0.0,0
1445,26,413.99,15.922692307692309,261.7692307692308,17.653846153846153,0.46153846153846156,0
1446,92,1241.25,13.491847826086957,119.5,15.76086956521739,0.20652173913043478,1
1447,60,855.22,14.253666666666668,130.1,15.383333333333333,0.016666666666666666,0
1448,64,964.0,15.0625,134.71875,14.984375,0.046875,0
1449,16,226.28,14.1425,128.75,13.875,0.4375,0
1450,1,8.94,8.94,156.0,1.0,0.0,0
1451,7,46.269999999999996,6.609999999999999,61.57142857142857,12.428571428571429,1.0,0
1452,3,40.339999999999996,13.446666666666665,100.33333333333333,12.333333333333334,0.6666666666666666,0
1453,68,279.26,4.106764705882353,73.04411764705883,13.617647058823529,0.25,0
1454,62,420.45,6.781451612903226,17.758064516129032,13.096774193548388,0.3225806451612903,0
1455,2,81.0,40.5,50.0,15.5,0.0,0
1456,3,68.11,22.703333333333333,208.66666666666666,8.666666666666666,0.0,0
1457,1,42.4,42.4,479.0,20.0,1.0,0
1458,2,51.91,25.955,236.5,21.5,0.5,0
1459,4,36.55,9.1375,181.75,19.5,0.25,0
1461,1,35.11,35.11,321.0,21.0,0.0,0
1463,5,11.030000000000001,2.2060000000000004,20.8,18.2,0.0,0
1464,1,47.4,47.4,442.0,19.0,0.0,0
1465,1,5.32,5.32,52.0,20.0,0.0,0
1466,2,13.42,6.71,112.5,18.0,0.0,0
1468,2,64.7,32.35,69.5,12.5,0.0,0
1470,2,36.53,18.265,160.0,14.0,0.0,0
1471,1,5.57,5.57,49.0,17.0,0.0,0
1472,1,23.89,23.89,220.0,21.0,1.0,0
1473,3,20.38,6.793333333333333,68.0,15.0,0.3333333333333333,0
1474,21,660.59,31.456666666666667,35.904761904761905,16.0,0.19047619047619047,0
1475,1,4.66,4.66,12.0,11.0,0.0,0
1476,1,6.3,6.3,106.0,14.0,1.0,0
1477,1,47.47,47.47,114.0,14.0,0.0,0
1480,18,132.58,7.365555555555556,68.77777777777777,14.555555555555555,0.2777777777777778,0
1481,1,6.85,6.85,116.0,10.0,0.0,0
1482,1,4.94,4.94,43.0,17.0,0.0,0
1483,2,35.67,17.835,160.0,20.0,0.5,0
1484,85,1494.55,17.582941176470587,210.6,18.611764705882354,0.25882352941176473,1
1485,3,73.9,24.633333333333336,33.666666666666664,7.666666666666667,0.3333333333333333,0
1486,4,67.7,16.925,330.5,14.0,0.0,0
1487,5,51.800000000000004,10.360000000000001,96.2,19.6,0.6,0
1488,3,38.72,12.906666666666666,47.333333333333336,13.333333333333334,0.0,0
1489,47,1486.94,31.637021276595746,280.4255319148936,18.319148936170212,0.19148936170212766,1
1490,1,32.53,32.53,294.0,19.0,0.0,0
1491,2,13.690000000000001,6.845000000000001,56.0,14.5,1.0,0
1492,4,45.07,11.2675,33.25,15.0,0.0,0
1493,5,24.29,4.858,83.6,15.8,0.0,0
1494,39,1128.81,28.943846153846152,251.89743589743588,15.923076923076923,0.15384615384615385,0
1495,1,41.6,41.6,360.0,23.0,0.0,0
1496,1,16.15,16.15,143.0,17.0,0.0,0
1497,7,32.7,4.671428571428572,46.42857142857143,13.0,0.0,0
1498,3,25.24,8.413333333333332,79.0,11.0,0.3333333333333333,0
1499,13,96.6,7.43076923076923,148.15384615384616,16.53846153846154,0.23076923076923078,0
1500,1,37.4,37.4,338.0,20.0,1.0,0
1501,2,33.71,16.855,25.5,9.5,1.0,0
1502,6,38.510000000000005,6.418333333333334,109.83333333333333,15.666666666666666,0.0,0
1503,2,51.9,25.95,615.0,20.5,0.0,0
1504,2,17.92,8.96,15.5,16.5,0.5,0
1505,50,863.95,17.279,156.52,16.34,0.3,0
1506,6,130.64,21.77333333333333,27.166666666666668,13.0,0.3333333333333333,0
1507,2,37.17,18.585,155.5,18.5,0.0,0
1508,3,37.41,12.469999999999999,130.66666666666666,18.333333333333332,0.3333333333333333,0
1509,2,23.95,11.975,13.5,11.0,0.5,0
1510,2,3.5,1.75,31.0,13.5,0.0,0
1511,3,53.02,17.673333333333336,163.66666666666666,15.333333333333334,0.0,0
1512,2,62.05,31.025,283.5,10.5,0.0,0
1513,5,33.1,6.62,64.0,14.6,0.0,0
1514,28,594.15,21.219642857142855,35.857142857142854,14.928571428571429,0.39285714285714285,0
1515,3,20.29,6.763333333333333,21.333333333333332,15.0,0.3333333333333333,0
1516,1,14.7,14.7,136.0,20.0,0.0,0
1517,2,40.64,20.32,55.5,13.5,0.0,0
1518,1,41.7,41.7,608.0,23.0,0.0,0
1519,1,31.9,31.9,269.0,13.0,0.0,0
1520,52,799.17,15.368653846153846,142.21153846153845,17.923076923076923,0.17307692307692307,0
1521,1,8.3,8.3,72.0,9.0,0.0,0
1522,1,32.39,32.39,487.0,21.0,0.0,0
1523,20,55.51,2.7755,58.95,12.9,0.15,0
1524,1,9.72,9.72,169.0,3.0,0.0,0
1525,7,57.4,8.2,68.57142857142857,13.857142857142858,0.14285714285714285,0
1527,3,26.159999999999997,8.719999999999999,76.0,14.333333333333334,1.0,0
1528,19,293.09000000000003,15.425789473684212,152.94736842105263,9.0,0.0,0
1529,1,0.72,0.72,91.0,16.0,0.0,0
1530,4,131.7,32.925,87.25,17.75,0.5,0
1531,1,7.6,7.6,65.0,15.0,1.0,0
1532,2,23.75,11.875,112.0,13.5,0.5,0
1533,1,12.28,12.28,11.0,14.0,0.0,0
1534,1,6.51,6.51,60.0,18.0,1.0,0
1535,1,34.48,34.48,307.0,13.0,0.0,0
1536,8,83.75,10.46875,113.75,9.625,0.0,0
1537,1,50.43,50.43,97.0,19.0,0.0,0
1538,2,19.799999999999997,9.899999999999999,90.5,17.0,0.0,0
1539,3,44.37,14.79,23.333333333333332,15.333333333333334,0.0,0
1540,2,28.93,14.465,240.5,18.5,1.0,0
1541,1,6.54,6.54,106.0,14.0,1.0,0
1543,5,153.97,30.794,278.4,15.4,0.8,0
1544,9,95.81,10.645555555555555,92.88888888888889,16.333333333333332,0.0,0
1545,3,55.8,18.599999999999998,30.0,14.0,0.6666666666666666,0
1546,3,77.37,25.790000000000003,227.33333333333334,18.0,0.6666666666666666,0
1547,2,36.0,18.0,151.5,19.0,1.0,0
1548,2,35.34,17.67,30.5,14.0,0.0,0
1549,2,57.55,28.775,271.5,19.0,1.0,0
1550,2,5.8100000000000005,2.9050000000000002,47.0,14.0,0.5,0
1551,3,46.69,15.563333333333333,147.0,14.333333333333334,0.3333333333333333,0
1552,1,17.7,17.7,190.0,20.0,1.0,0
1553,5,64.14999999999999,12.829999999999998,112.8,19.6,0.0,0
1554,13,311.11,23.931538461538462,59.61538461538461,12.153846153846153,0.3076923076923077,0
1555,2,50.18,25.09,26.5,20.5,1.0,0
1556,1,22.15,22.15,28.0,20.0,1.0,0
1558,3,85.0,28.333333333333332,255.0,16.0,0.3333333333333333,0
1559,13,427.0,32.84615384615385,611.8461538461538,15.153846153846153,0.07692307692307693,0
1560,1,8.1,8.1,71.0,21.0,0.0,0
1561,2,28.55,14.275,325.0,16.5,1.0,0
1562,3,76.83,25.61,256.0,7.666666666666667,0.3333333333333333,0
1563,2,45.55,22.775,197.5,19.0,0.0,0
1564,9,105.57,11.729999999999999,36.0,13.666666666666666,0.4444444444444444,0
1565,3,58.7,19.566666666666666,198.0,15.666666666666666,1.0,0
1566,4,27.16,6.79,70.0,11.0,0.5,0
1567,1,13.7,13.7,120.0,21.0,0.0,0
1568,1,26.64,26.64,230.0,22.0,0.0,0
1569,36,302.41,8.400277777777779,149.44444444444446,16.13888888888889,0.2222222222222222,0
1570,1,17.95,17.95,28.0,16.0,0.0,0
1571,8,73.17999999999999,9.147499999999999,167.625,12.875,0.375,0
1572,3,48.36,16.12,270.6666666666667,9.0,0.3333333333333333,0
1573,2,15.129999999999999,7.5649999999999995,68.0,21.0,1.0,0
1574,24,180.29,7.512083333333333,132.75,15.291666666666666,0.3333333333333333,0
1575,19,453.84000000000003,23.886315789473684,60.10526315789474,13.631578947368421,0.3684210526315789,0
1576,5,107.49,21.497999999999998,198.0,18.6,0.4,0
1577,2,39.22,19.61,179.0,16.5,0.5,0
1578,1,21.1,21.1,301.0,21.0,0.0,0
1579,3,11.55,3.85,34.666666666666664,13.0,1.0,0
1580,2,15.38,7.69,31.0,15.0,1.0,0
1581,2,44.46,22.23,36.0,19.5,0.0,0
1582,1,13.82,13.82,23.0,14.0,1.0,0
1583,31,273.83,8.833225806451612,172.67741935483872,15.96774193548387,0.2903225806451613,0
1584,3,6.27,2.09,38.333333333333336,16.0,1.0,0
1585,6,96.25999999999999,16.043333333333333,96.16666666666667,16.666666666666668,0.0,0
1586,48,1565.56,32.615833333333335,57.0,13.791666666666666,0.25,1
1587,1,39.41,39.41,365.0,22.0,1.0,0
1588,14,54.7,3.9071428571428575,17.0,13.571428571428571,0.35714285714285715,0
1589,3,49.67,16.55666666666667,199.66666666666666,12.0,0.3333333333333333,0
1590,2,90.02000000000001,45.010000000000005,396.5,10.0,0.5,0
1591,1,0.01,0.01,3.0,9.0,0.0,0
1592,2,13.579999999999998,6.789999999999999,57.5,11.0,0.5,0
1593,1,8.5,8.5,74.0,10.0,1.0,0
1594,1,26.29,26.29,32.0,12.0,1.0,0
1596,1,17.71,17.71,166.0,19.0,1.0,0
1597,1,5.88,5.88,52.0,7.0,0.0,0
1598,1,22.79,22.79,36.0,16.0,1.0,0
1599,9,153.06,17.006666666666668,152.22222222222223,12.444444444444445,0.1111111111111111,0
1600,2,41.040000000000006,20.520000000000003,193.5,17.5,0.0,0
1601,3,61.589999999999996,20.529999999999998,271.0,14.333333333333334,0.3333333333333333,0
1602,1,12.25,12.25,102.0,10.0,1.0,0
1603,1,28.91,28.91,251.0,21.0,0.0,0
1604,3,11.27,3.7566666666666664,63.0,14.666666666666666,0.3333333333333333,0
1605,1,37.64,37.64,43.0,7.0,0.0,0
1606,6,126.76,21.12666666666667,30.166666666666668,16.833333333333332,0.0,0
1607,9,188.43,20.936666666666667,25.77777777777778,16.88888888888889,0.1111111111111111,0
1608,10,202.17,20.217,28.0,16.7,0.0,0
1609,3,49.83,16.61,151.0,13.666666666666666,0.0,0
1610,3,26.959999999999997,8.986666666666666,94.66666666666667,14.0,0.3333333333333333,0
1611,140,4385.9,31.32785714285714,272.55,17.285714285714285,0.2714285714285714,1
1613,5,44.37,8.873999999999999,176.8,16.2,0.6,0
1614,2,41.5,20.75,175.5,17.5,0.0,0
1615,11,73.89,6.717272727272728,123.54545454545455,12.454545454545455,0.5454545454545454,0
1616,3,30.68,10.226666666666667,18.333333333333332,16.666666666666668,0.0,0
1617,5,187.05,37.410000000000004,54.0,20.8,0.2,0
1618,10,139.8,13.98,99.7,10.9,0.6,0
1619,2,36.16,18.08,27.5,12.0,0.0,0
1620,2,12.14,6.07,57.5,17.0,1.0,0
1621,2,49.28,24.64,216.5,22.0,0.0,0
1622,14,73.87,5.276428571428572,88.57142857142857,13.571428571428571,0.2857142857142857,0
1623,2,34.1,17.05,158.0,20.5,0.0,0
1624,2,20.42,10.21,90.5,9.5,0.0,0
1625,9,144.53,16.058888888888887,40.666666666666664,17.22222222222222,0.6666666666666666,0
1626,1,3.24,3.24,28.0,13.0,0.0,0
1627,1,40.43,40.43,365.0,20.0,0.0,0
1629,107,742.02,6.934766355140186,130.34579439252337,12.77570093457944,0.08411214953271028,1
1630,10,68.21000000000001,6.821000000000001,46.4,13.4,0.0,0
1631,5,64.36,12.872,116.0,8.6,0.0,0
1632,1,27.07,27.07,240.0,21.0,0.0,0
1633,3,36.37,12.123333333333333,107.33333333333333,19.333333333333332,0.3333333333333333,0
1634,1,5.58,5.58,12.0,15.0,0.0,0
1635,1,45.3,45.3,400.0,19.0,1.0,0
1636,4,51.28,12.82,27.0,17.75,0.0,0
1637,2,40.300000000000004,20.150000000000002,178.0,21.0,0.0,0
1638,1,8.3,8.3,72.0,17.0,1.0,0
1639,5,70.55,14.11,335.8,15.2,0.2,0
1640,1,1.21,1.21,11.0,17.0,1.0,0
1641,1,4.6,4.6,76.0,10.0,0.0,0
1642,2,50.779999999999994,25.389999999999997,223.0,0.0,0.0,0
1643,2,29.46,14.73,224.0,18.0,0.0,0
1645,42,209.22,4.981428571428571,81.80952380952381,15.571428571428571,0.3333333333333333,0
1646,7,37.120000000000005,5.302857142857143,88.28571428571429,13.714285714285714,0.2857142857142857,0
1647,5,175.15,35.03,212.0,13.6,0.6,0
1648,1,21.11,21.11,188.0,20.0,1.0,0
1649,2,27.8,13.9,20.5,12.5,0.5,0
1650,1,29.97,29.97,271.0,18.0,0.0,0
1651,3,21.33,7.109999999999999,46.333333333333336,16.0,0.0,0
1653,1,10.94,10.94,19.0,13.0,0.0,0
1654,1,26.57,26.57,241.0,0.0,0.0,0
1655,1,44.98,44.98,400.0,21.0,0.0,0
1656,11,89.88,8.17090909090909,69.27272727272727,17.545454545454547,0.0,0
1657,2,26.080000000000002,13.040000000000001,45.0,16.5,0.0,0
1659,1,9.75,9.75,87.0,22.0,0.0,0
1660,3,44.94,14.979999999999999,138.0,20.333333333333332,0.3333333333333333,0
1661,2,6.91,3.455,31.0,14.5,0.0,0
1662,1,1.06,1.06,41.0,17.0,0.0,0
1663,1,25.09,25.09,48.0,23.0,0.0,0
1664,9,383.68,42.63111111111111,390.1111111111111,17.333333333333332,0.3333333333333333,0
1665,3,33.58,11.193333333333333,96.66666666666667,15.333333333333334,0.3333333333333333,0
1666,18,451.87,25.10388888888889,41.333333333333336,13.38888888888889,0.2222222222222222,0
1667,13,258.61,19.893076923076926,55.30769230769231,15.923076923076923,0.38461538461538464,0
1668,37,850.94,22.99837837837838,50.91891891891892,17.81081081081081,0.10810810810810811,0
1669,1,6.58,6.58,49.0,19.0,1.0,0
1671,2,60.3,30.15,36.5,12.5,0.0,0
1672,6,21.4,3.5666666666666664,31.5,10.5,0.3333333333333333,0
1674,2,42.96,21.48,34.0,15.0,0.5,0
1675,1,2.3,2.3,20.0,15.0,1.0,0
1676,9,32.39,3.598888888888889,174.33333333333334,12.222222222222221,0.1111111111111111,0
1677,1,13.93,13.93,46.0,17.0,0.0,0
1679,5,87.46,17.491999999999997,22.4,16.2,0.0,0
1680,1,10.37,10.37,88.0,11.0,0.0,0
1681,1,11.06,11.06,1439.0,13.0,1.0,0
1683,3,32.29,10.763333333333334,94.33333333333333,11.333333333333334,0.0,0
1684,1,7.19,7.19,71.0,17.0,0.0,0
1685,1,50.52,50.52,472.0,19.0,1.0,0
1686,4,178.4,44.6,550.75,17.0,0.25,0
1687,3,72.91,24.30333333333333,40.333333333333336,16.333333333333332,0.3333333333333333,0
1688,1,21.73,21.73,14.0,15.0,0.0,0
1689,21,1236.58,58.8847619047619,496.04761904761904,20.761904761904763,0.19047619047619047,0
1690,1,8.94,8.94,14.0,13.0,1.0,0
1691,54,1252.22,23.18925925925926,39.24074074074074,15.25925925925926,0.0,1
1692,5,31.1,6.220000000000001,116.8,14.2,0.2,0
1693,1,31.03,31.03,262.0,15.0,0.0,0
1694,1,26.08,26.08,94.0,20.0,0.0,0
1695,2,22.36,11.18,104.5,12.0,1.0,0
1696,1,50.91,50.91,450.0,17.0,1.0,0
1697,8,97.28,12.16,285.875,12.5,0.5,0
1698,7,54.480000000000004,7.782857142857144,85.57142857142857,15.428571428571429,0.0,0
1699,7,32.1,4.585714285714286,76.0,14.142857142857142,0.2857142857142857,0
1700,1,3.22,3.22,30.0,13.0,1.0,0
1701,1,4.08,4.08,69.0,18.0,0.0,0
1702,5,64.45,12.89,146.4,11.6,0.4,0
1703,22,780.51,35.47772727272727,292.54545454545456,16.363636363636363,0.3181818181818182,0
1704,1,30.7,30.7,61.0,12.0,1.0,0
1705,6,114.33,19.055,169.83333333333334,16.833333333333332,0.16666666666666666,0
1706,1,22.18,22.18,208.0,16.0,0.0,0
1707,3,135.6,45.199999999999996,406.0,17.666666666666668,0.6666666666666666,0
1708,15,258.46999999999997,17.231333333333332,139.26666666666668,12.533333333333333,0.3333333333333333,0
1709,2,39.53,19.765,40.5,13.5,0.0,0
1710,46,749.66,16.29695652173913,163.06521739130434,13.782608695652174,0.34782608695652173,0
1711,13,437.69,33.668461538461536,43.76923076923077,13.153846153846153,0.23076923076923078,0
1712,2,19.32,9.66,194.0,17.5,0.5,0
1713,14,254.91,18.207857142857144,93.78571428571429,14.285714285714286,0.7142857142857143,0
1714,7,55.45,7.921428571428572,177.71428571428572,18.428571428571427,0.42857142857142855,0
1715,2,15.5,7.75,240.5,17.5,0.5,0
1716,1,6.0,6.0,51.0,19.0,0.0,0
1717,66,633.74,9.602121212121212,192.9090909090909,14.06060606060606,0.18181818181818182,0
1718,1,4.38,4.38,9.0,22.0,0.0,0
1719,1,0.6,0.6,6.0,13.0,0.0,0
1720,12,167.93,13.994166666666667,126.16666666666667,17.25,0.5833333333333334,0
1721,1,4.4,4.4,37.0,12.0,0.0,0
1722,1,23.0,23.0,209.0,20.0,1.0,0
1723,4,59.73,14.9325,259.0,17.25,0.25,0
1724,6,47.22,7.87,71.0,16.833333333333332,0.16666666666666666,0
1725,1,23.4,23.4,356.0,20.0,0.0,0
1726,1,6.61,6.61,79.0,15.0,1.0,0
1727,4,26.47,6.6175,114.25,14.0,0.5,0
1728,1,4.45,4.45,40.0,18.0,0.0,0
1729,1,13.8,13.8,40.0,20.0,0.0,0
1730,1,23.2,23.2,246.0,20.0,0.0,0
1731,6,119.82000000000001,19.970000000000002,49.333333333333336,12.5,0.6666666666666666,0
1732,1,16.87,16.87,233.0,22.0,0.0,0
1733,1,7.3,7.3,62.0,9.0,0.0,0
1734,2,29.98,14.99,22.5,18.0,0.0,0
1735,3,145.82,48.60666666666666,38.666666666666664,12.0,0.0,0
1736,13,231.47,17.805384615384614,112.23076923076923,14.846153846153847,0.23076923076923078,0
1737,5,61.95,12.39,91.0,12.2,0.8,0
1738,1,15.64,15.64,19.0,13.0,0.0,0
1739,6,289.72,48.28666666666667,369.5,16.166666666666668,0.5,0
1740,2,10.65,5.325,23.0,12.5,0.5,0
1741,2,28.660000000000004,14.330000000000002,137.0,19.5,0.5,0
1742,2,32.35,16.175,227.0,19.5,0.0,0
1743,1,4.1,4.1,68.0,14.0,0.0,0
1745,41,795.41,19.400243902439023,37.21951219512195,12.75609756097561,0.14634146341463414,0
1746,2,42.97,21.485,69.5,12.0,0.5,0
1747,1,2.23,2.23,38.0,17.0,1.0,0
1749,4,67.01,16.7525,29.25,13.0,0.0,0
1750,2,32.33,16.165,149.5,14.0,0.5,0
1751,29,740.93,25.549310344827585,92.27586206896552,13.068965517241379,0.3103448275862069,0
1752,1,15.68,15.68,45.0,16.0,0.0,0
1753,1,16.38,16.38,29.0,21.0,0.0,0
1754,1,0.58,0.58,10.0,18.0,0.0,0
1755,1,6.2,6.2,55.0,12.0,1.0,0
1756,3,23.89,7.963333333333334,75.66666666666667,11.666666666666666,0.6666666666666666,0
1757,4,114.08000000000001,28.520000000000003,47.5,11.5,0.5,0
1758,1,1.47,1.47,27.0,13.0,1.0,0
1759,7,36.81,5.258571428571429,94.14285714285714,12.714285714285714,0.2857142857142857,0
1760,10,73.88,7.388,65.7,16.3,0.0,0
1761,27,369.05,13.66851851851852,33.666666666666664,13.592592592592593,0.07407407407407407,0
1762,2,33.03,16.515,81.5,12.0,0.5,0
1763,2,0.09,0.045,1.0,10.0,1.0,0
1764,86,651.62,7.576976744186046,129.30232558139534,16.558139534883722,0.29069767441860467,0
1765,9,56.96,6.328888888888889,105.88888888888889,15.555555555555555,0.0,0
1766,7,52.52,7.502857142857144,21.285714285714285,13.0,0.2857142857142857,0
1767,1,11.39,11.39,14.0,16.0,0.0,0
1768,8,183.45999999999998,22.932499999999997,42.5,15.125,0.125,0
1769,34,480.66,14.137058823529413,132.58823529411765,10.970588235294118,0.14705882352941177,0
1770,1,9.43,9.43,24.0,11.0,1.0,0
1772,48,143.32,2.9858333333333333,59.645833333333336,13.604166666666666,0.125,0
1773,2,8.85,4.425,15.5,22.0,0.0,0
1774,4,114.55,28.6375,51.75,15.5,0.0,0
1775,1,22.7,22.7,200.0,19.0,0.0,0
1776,4,129.07999999999998,32.269999999999996,170.5,14.5,0.0,0
1778,3,16.4,5.466666666666666,50.666666666666664,14.0,0.0,0
1779,1,10.93,10.93,203.0,15.0,1.0,0
1780,1,1.62,1.62,70.0,12.0,0.0,0
1781,8,176.73,22.09125,46.125,18.5,0.125,0
1782,1,56.36,56.36,582.0,22.0,1.0,0
1783,1,7.75,7.75,67.0,11.0,0.0,0
1785,1,6.44,6.44,60.0,17.0,1.0,0
1786,2,36.629999999999995,18.314999999999998,162.0,21.0,0.0,0
1789,3,40.400000000000006,13.466666666666669,40.666666666666664,13.0,0.0,0
1790,6,78.29,13.048333333333334,46.333333333333336,15.0,0.16666666666666666,0
1791,2,48.13,24.065,40.0,17.5,0.0,0
1792,7,138.6,19.8,229.57142857142858,13.857142857142858,0.5714285714285714,0
1793,1,20.38,20.38,184.0,21.0,0.0,0
1794,2,60.68000000000001,30.340000000000003,43.0,12.5,1.0,0
1795,2,26.919999999999998,13.459999999999999,32.0,19.0,0.0,0
1796,1,18.71,18.71,183.0,17.0,0.0,0
1797,1,3.17,3.17,18.0,19.0,0.0,0
1800,1,25.76,25.76,40.0,12.0,1.0,0
1801,5,63.1,12.620000000000001,22.2,13.2,0.2,0
1802,1,12.02,12.02,15.0,16.0,1.0,0
1803,3,40.87,13.623333333333333,30.666666666666668,10.0,0.0,0
1804,18,346.35,19.241666666666667,34.388888888888886,13.944444444444445,0.3333333333333333,0
1805,16,286.26,17.89125,33.6875,13.9375,0.125,0
1806,1,10.43,10.43,15.0,17.0,0.0,0
1807,2,54.730000000000004,27.365000000000002,57.5,12.5,0.0,0
1808,1,2.61,2.61,24.0,10.0,0.0,0
1809,2,36.69,18.345,171.0,10.5,0.0,0
1810,2,20.58,10.29,90.0,14.5,0.5,0
1811,9,107.13,11.903333333333332,19.88888888888889,14.0,0.1111111111111111,0
1812,1,6.9,6.9,113.0,14.0,0.0,0
1813,1,0.02,0.02,3.0,20.0,0.0,0
1814,6,153.5,25.583333333333332,49.5,12.666666666666666,0.8333333333333334,0
1815,1,28.41,28.41,252.0,20.0,1.0,0
1816,4,65.52,16.38,145.5,18.25,0.75,0
1817,3,66.38,22.126666666666665,32.666666666666664,13.333333333333334,0.3333333333333333,0
1818,1,48.5,48.5,396.0,7.0,0.0,0
1819,2,28.589999999999996,14.294999999999998,135.0,20.0,1.0,0
1820,15,295.33,19.688666666666666,34.86666666666667,14.733333333333333,0.26666666666666666,0
1821,2,5.01,2.505,17.5,12.5,0.0,0
1822,3,26.36,8.786666666666667,81.33333333333333,8.666666666666666,0.6666666666666666,0
1824,59,1105.71,18.74084745762712,47.69491525423729,10.542372881355933,0.2033898305084746,0
1825,3,51.07,17.023333333333333,40.0,19.666666666666668,0.0,0
1826,2,22.939999999999998,11.469999999999999,100.0,17.5,0.0,0
1827,2,63.209999999999994,31.604999999999997,287.0,16.0,0.0,0
1828,3,24.72,8.24,73.33333333333333,13.333333333333334,0.0,0
1829,1,3.78,3.78,7.0,11.0,0.0,0
1830,3,7.9,2.6333333333333333,45.333333333333336,15.333333333333334,0.3333333333333333,0
1831,2,21.44,10.72,95.5,17.5,0.0,0
1832,3,9.48,3.16,27.333333333333332,13.333333333333334,0.0,0
1833,19,712.2,37.48421052631579,344.3157894736842,18.473684210526315,0.15789473684210525,0
1834,2,34.86,17.43,155.0,17.5,0.5,0
1835,2,29.62,14.81,38.0,23.0,0.0,0
1836,31,964.53,31.113870967741935,263.5483870967742,14.096774193548388,0.3225806451612903,0
1837,1,3.4,3.4,18.0,16.0,0.0,0
1839,1,26.74,26.74,240.0,17.0,0.0,0
1840,5,35.03,7.006,144.2,18.8,0.4,0
1841,6,42.42,7.07,66.66666666666667,17.0,0.0,0
1842,3,59.21,19.736666666666668,166.33333333333334,10.0,0.3333333333333333,0
1843,3,28.31,9.436666666666666,85.33333333333333,17.666666666666668,1.0,0
1844,4,60.04,15.01,172.5,13.75,0.0,0
1845,7,64.73,9.247142857142858,18.285714285714285,15.142857142857142,0.42857142857142855,0
1846,1,34.65,34.65,69.0,14.0,0.0,0
1847,1,0.2,0.2,3.0,14.0,0.0,0
1848,2,26.16,13.08,110.0,15.5,1.0,0
1849,24,573.14,23.88083333333333,36.791666666666664,12.791666666666666,0.16666666666666666,0
1850,3,13.649999999999999,4.55,40.333333333333336,21.333333333333332,0.0,0
1851,8,161.57999999999998,20.197499999999998,58.5,14.75,0.125,0
1852,3,105.05,35.016666666666666,286.0,18.0,0.6666666666666666,0
1853,2,26.41,13.205,121.0,21.0,0.0,0
1854,1,3.8,3.8,32.0,13.0,0.0,0
1855,1,9.69,9.69,126.0,9.0,1.0,0
1856,6,86.45,14.408333333333333,40.5,15.166666666666666,0.5,0
1857,3,80.42999999999999,26.81,236.33333333333334,18.666666666666668,0.6666666666666666,0
1858,24,244.70000000000002,10.195833333333335,171.45833333333334,17.625,0.2916666666666667,0
1859,13,436.4,33.56923076923077,544.6923076923077,15.692307692307692,0.23076923076923078,0
1860,30,441.03,14.700999999999999,565.6333333333333,14.766666666666667,0.16666666666666666,0
1861,16,306.53,19.158125,70.1875,11.9375,0.25,0
1862,1,15.68,15.68,43.0,13.0,0.0,0
1863,3,21.86,7.286666666666666,15.333333333333334,10.666666666666666,0.3333333333333333,0
1864,9,144.11,16.012222222222224,69.44444444444444,15.88888888888889,0.5555555555555556,0
1865,7,129.28,18.46857142857143,36.42857142857143,12.714285714285714,0.2857142857142857,0
1866,3,68.69999999999999,22.899999999999995,30.0,16.333333333333332,0.6666666666666666,0
1867,1,26.59,26.59,41.0,9.0,0.0,0
1868,4,51.870000000000005,12.967500000000001,23.75,13.0,0.5,0
1869,18,222.26,12.347777777777777,318.22222222222223,15.555555555555555,0.2777777777777778,0
1870,2,48.260000000000005,24.130000000000003,29.0,10.5,0.0,0
1871,1,33.84,33.84,302.0,21.0,0.0,0
1872,3,9.84,3.28,57.666666666666664,13.666666666666666,0.0,0
1873,3,26.95,8.983333333333333,83.33333333333333,14.0,0.0,0
1874,1,16.42,16.42,31.0,16.0,1.0,0
1875,4,84.32000000000001,21.080000000000002,191.75,12.0,0.0,0
1876,1,20.51,20.51,24.0,10.0,0.0,0
1877,1,2.41,2.41,4.0,13.0,1.0,0
1878,1,13.53,13.53,26.0,14.0,1.0,0
1879,2,40.4,20.2,299.5,17.0,0.0,0
1880,2,12.57,6.285,154.0,15.5,1.0,0
1882,7,78.74,11.248571428571427,276.7142857142857,16.0,0.42857142857142855,0
1883,1,53.2,53.2,550.0,21.0,0.0,0
1884,2,53.24,26.62,271.5,17.5,1.0,0
1885,2,27.560000000000002,13.780000000000001,120.0,17.0,0.5,0
1886,1,14.19,14.19,121.0,14.0,0.0,0
1887,2,39.64,19.82,181.5,14.0,0.0,0
1888,2,28.73,14.365,196.0,17.5,1.0,0
1889,3,31.14,10.38,90.33333333333333,18.333333333333332,0.3333333333333333,0
1890,5,154.58,30.916000000000004,513.6,12.4,0.4,0
1891,1,9.15,9.15,15.0,14.0,0.0,0
1893,34,471.78,13.875882352941176,40.0,16.11764705882353,0.2647058823529412,0
1894,1,26.65,26.65,39.0,14.0,1.0,0
1895,25,387.3,15.492,56.12,13.2,0.16,0
1896,1,39.81,39.81,378.0,19.0,0.0,0
1897,1,12.16,12.16,131.0,21.0,0.0,0
1898,3,45.82,15.273333333333333,139.33333333333334,15.333333333333334,0.0,0
1899,1,22.3,22.3,191.0,11.0,0.0,0
1900,2,49.15,24.575,225.0,13.5,0.0,0
1901,1,13.4,13.4,116.0,11.0,0.0,0
1902,3,33.28,11.093333333333334,113.33333333333333,17.666666666666668,0.0,0
1903,4,32.69,8.1725,210.75,14.25,0.5,0
1904,25,606.35,24.254,174.64,15.84,0.28,0
1905,6,120.99,20.165,103.33333333333333,17.0,0.0,0
1906,3,73.32,24.439999999999998,47.0,17.666666666666668,0.0,0
1907,27,414.40999999999997,15.348518518518517,20.444444444444443,17.85185185185185,0.25925925925925924,0
1908,55,1273.07,23.146727272727272,36.32727272727273,14.50909090909091,0.2909090909090909,1
1909,1,26.35,26.35,250.0,22.0,1.0,0
1910,2,51.519999999999996,25.759999999999998,222.5,13.5,0.0,0
1911,1,56.8,56.8,508.0,19.0,1.0,0
1912,1,10.76,10.76,42.0,9.0,0.0,0
1913,2,29.130000000000003,14.565000000000001,131.0,17.5,0.0,0
1914,7,36.67,5.238571428571428,90.57142857142857,14.142857142857142,0.14285714285714285,0
1915,1,2.4,2.4,22.0,14.0,0.0,0
1916,1,47.34,47.34,68.0,22.0,0.0,0
1917,1,9.7,9.7,150.0,18.0,0.0,0
1918,1,46.53,46.53,97.0,12.0,0.0,0
1919,1,3.73,3.73,32.0,11.0,1.0,0
1920,6,83.78,13.963333333333333,141.33333333333334,13.166666666666666,0.16666666666666666,0
1921,5,52.49,10.498000000000001,95.2,19.2,0.0,0
1922,3,37.300000000000004,12.433333333333335,16.666666666666668,9.333333333333334,0.0,0
1923,1,28.47,28.47,283.0,15.0,0.0,0
1924,1,0.15,0.15,2.0,20.0,0.0,0
1925,1,17.55,17.55,40.0,9.0,0.0,0
1926,15,169.1,11.273333333333333,85.86666666666666,12.8,0.13333333333333333,0
1927,6,123.57000000000001,20.595000000000002,107.83333333333333,18.166666666666668,0.16666666666666666,0
1928,4,126.03,31.5075,269.0,17.5,0.25,0
1929,7,91.7,13.1,89.42857142857143,12.0,0.42857142857142855,0
1930,36,556.3199999999999,15.453333333333331,86.80555555555556,11.777777777777779,0.19444444444444445,0
1931,2,50.599999999999994,25.299999999999997,220.0,14.0,0.0,0
1932,1,21.92,21.92,40.0,10.0,0.0,0
1933,1,21.29,21.29,203.0,20.0,1.0,0
1934,15,232.25,15.483333333333333,31.2,14.133333333333333,0.26666666666666666,0
1935,1,4.54,4.54,42.0,15.0,0.0,0
1936,1,2.14,2.14,35.0,18.0,0.0,0
1937,1,12.17,12.17,29.0,15.0,0.0,0
1938,2,49.93,24.965,40.5,19.0,1.0,0
1939,3,49.72,16.573333333333334,48.333333333333336,11.333333333333334,0.0,0
1940,1,19.06,19.06,174.0,14.0,0.0,0
1941,1,6.84,6.84,24.0,9.0,0.0,0
1942,3,66.83,22.276666666666667,43.0,16.0,0.0,0
1943,3,48.35,16.116666666666667,402.3333333333333,17.0,0.6666666666666666,0
1944,10,97.95,9.795,20.5,18.5,0.0,0
1945,1,14.06,14.06,118.0,14.0,1.0,0
1946,20,168.04,8.402,625.25,12.9,0.15,0
1947,27,683.3,25.307407407407407,168.7037037037037,15.333333333333334,0.48148148148148145,0
1948,2,36.55,18.275,42.0,8.5,0.0,0
1949,4,19.15,4.7875,61.5,17.0,0.75,0
1950,2,6.03,3.015,55.0,14.5,0.5,0
1951,4,55.25,13.8125,54.5,14.25,0.0,0
1952,1,3.9,3.9,67.0,14.0,0.0,0
1953,2,11.75,5.875,102.0,16.0,0.0,0
1955,46,423.42,9.204782608695652,32.5,12.673913043478262,0.13043478260869565,0
1956,13,313.54,24.11846153846154,50.38461538461539,12.307692307692308,0.23076923076923078,0
1957,6,109.84,18.30666666666667,144.5,15.833333333333334,0.6666666666666666,0
1958,2,28.48,14.24,34.0,12.0,0.0,0
1959,5,80.25,16.05,25.0,14.8,0.2,0
1961,1,7.27,7.27,63.0,10.0,0.0,0
1962,3,75.8,25.266666666666666,230.0,15.666666666666666,0.6666666666666666,0
1963,1,30.84,30.84,36.0,14.0,0.0,0
1964,5,62.25,12.45,31.6,14.0,0.6,0
1965,17,367.39,21.611176470588234,50.64705882352941,10.764705882352942,0.058823529411764705,0
1966,4,107.75,26.9375,43.75,11.25,0.25,0
1968,2,43.410000000000004,21.705000000000002,57.0,16.5,0.0,0
1969,1,30.87,30.87,829.0,21.0,1.0,0
1970,1,0.28,0.28,1.0,15.0,0.0,0
1971,3,61.68,20.56,55.666666666666664,10.0,0.6666666666666666,0
1972,1,27.77,27.77,40.0,20.0,0.0,0
1973,1,10.36,10.36,40.0,15.0,1.0,0
1974,4,88.03,22.0075,47.0,14.25,0.25,0
1975,1,22.3,22.3,205.0,16.0,0.0,0
1976,56,768.74,13.727500000000001,45.0,13.678571428571429,0.14285714285714285,0
1977,26,687.88,26.456923076923076,403.7692307692308,15.192307692307692,0.3076923076923077,0
1978,1,16.91,16.91,148.0,18.0,0.0,0
1979,4,16.34,4.085,67.5,11.75,0.0,0
1980,4,74.75999999999999,18.689999999999998,330.5,17.25,0.25,0
1981,2,32.17,16.085,166.5,18.0,0.5,0
1982,12,63.370000000000005,5.280833333333334,91.66666666666667,12.666666666666666,0.0,0
1983,1,14.28,14.28,31.0,14.0,0.0,0
1985,1,73.0,73.0,697.0,20.0,1.0,0
1986,17,587.74,34.572941176470586,292.94117647058823,10.941176470588236,0.35294117647058826,0
1987,1,31.0,31.0,284.0,16.0,0.0,0
1989,2,31.83,15.915,145.5,17.5,0.5,0
1990,1,3.8,3.8,66.0,13.0,1.0,0
1991,3,71.7,23.900000000000002,38.333333333333336,10.0,0.3333333333333333,0
1992,1,36.6,36.6,314.0,17.0,0.0,0
1993,1,4.05,4.05,145.0,10.0,1.0,0
1994,2,36.16,18.08,40.0,20.5,0.0,0
1995,9,123.54,13.726666666666667,23.444444444444443,16.11111111111111,0.6666666666666666,0
1996,4,78.80000000000001,19.700000000000003,174.5,22.0,0.25,0
1997,6,117.37,19.561666666666667,35.333333333333336,15.666666666666666,0.0,0
1998,13,147.1,11.315384615384614,38.84615384615385,12.76923076923077,0.46153846153846156,0
1999,34,359.76,10.581176470588234,277.70588235294116,9.411764705882353,0.14705882352941177,0
2001,1,2.8,2.8,48.0,14.0,1.0,0
2002,3,39.9,13.299999999999999,111.0,19.0,0.0,0
2003,3,15.14,5.046666666666667,43.333333333333336,14.333333333333334,0.0,0
2004,2,23.229999999999997,11.614999999999998,35.0,17.0,1.0,0
2005,1,8.74,8.74,78.0,11.0,0.0,0
2006,1,17.59,17.59,24.0,13.0,1.0,0
2007,2,52.89,26.445,72.0,14.0,0.5,0
2008,6,19.03,3.171666666666667,83.0,14.833333333333334,0.3333333333333333,0
2010,2,123.39,61.695,1005.5,18.5,0.5,0
2011,6,62.11,10.351666666666667,176.33333333333334,19.5,0.3333333333333333,0
2012,2,33.550000000000004,16.775000000000002,26.0,17.5,0.0,0
2013,2,35.39,17.695,156.0,21.0,0.5,0
2014,1,4.13,4.13,58.0,14.0,1.0,0
2015,1,15.51,15.51,23.0,9.0,0.0,0
2016,1,4.0,4.0,69.0,15.0,0.0,0
2018,1,28.41,28.41,94.0,10.0,0.0,0
2019,3,31.509999999999998,10.503333333333332,21.666666666666668,18.666666666666668,0.0,0
2020,13,292.36,22.48923076923077,188.84615384615384,8.76923076923077,0.23076923076923078,0
2021,8,365.0,45.625,411.375,6.0,0.25,0
2022,2,47.809999999999995,23.904999999999998,217.0,17.0,0.0,0
2024,1,36.43,36.43,358.0,21.0,0.0,0
2025,4,23.53,5.8825,57.0,15.75,0.0,0
2026,1,8.7,8.7,78.0,11.0,0.0,0
2028,5,33.73,6.7459999999999996,64.4,12.6,0.0,0
2029,1,31.4,31.4,300.0,18.0,0.0,0
2030,2,27.13,13.565,113.0,16.5,0.0,0
2031,2,9.899999999999999,4.949999999999999,48.5,9.0,0.5,0
2032,2,32.8,16.4,150.0,20.5,0.0,0
2033,2,21.029999999999998,10.514999999999999,109.5,19.5,1.0,0
2034,4,28.82,7.205,70.25,17.75,1.0,0
2035,1,4.7,4.7,40.0,7.0,1.0,0
2036,1,10.39,10.39,92.0,16.0,1.0,0
2037,3,24.380000000000003,8.126666666666667,75.0,18.666666666666668,0.6666666666666666,0
2038,3,36.66,12.219999999999999,135.33333333333334,17.666666666666668,0.6666666666666666,0
2039,1,44.02,44.02,395.0,21.0,0.0,0
2040,1,47.0,47.0,450.0,23.0,0.0,0
2041,1,3.03,3.03,30.0,16.0,0.0,0
2042,4,49.17999999999999,12.294999999999998,115.25,17.75,0.25,0
2043,1,29.69,29.69,265.0,17.0,1.0,0
2044,1,24.1,24.1,240.0,15.0,1.0,0
2045,1,37.63,37.63,355.0,18.0,0.0,0
2046,1,15.14,15.14,150.0,13.0,1.0,0
2047,2,30.75,15.375,150.0,8.0,1.0,0
2048,2,24.7,12.35,128.0,18.5,1.0,0
2049,1,6.9,6.9,70.0,17.0,1.0,0
2050,1,61.87,61.87,540.0,17.0,0.0,0
2051,4,76.64,19.16,177.0,18.75,0.25,0
2052,3,52.3,17.433333333333334,151.66666666666666,13.333333333333334,0.0,0
2053,1,13.27,13.27,119.0,7.0,0.0,0
2054,1,39.27,39.27,358.0,22.0,0.0,0
2055,5,76.9,15.38,144.8,17.2,0.0,0
2056,1,9.64,9.64,99.0,17.0,0.0,0
2057,3,59.28999999999999,19.763333333333332,173.33333333333334,15.333333333333334,0.0,0
2058,2,17.75,8.875,77.5,18.5,1.0,0
2059,1,26.93,26.93,240.0,19.0,1.0,0
2060,1,42.31,42.31,398.0,19.0,1.0,0
2061,2,7.0600000000000005,3.5300000000000002,32.5,14.0,1.0,0
2062,1,26.73,26.73,241.0,18.0,1.0,0
2063,2,61.6,30.8,280.0,16.0,1.0,0
2065,1,34.28,34.28,300.0,21.0,0.0,0
2066,1,10.05,10.05,88.0,9.0,0.0,0
2067,1,60.15,60.15,540.0,18.0,0.0,0
2068,1,19.13,19.13,171.0,20.0,0.0,0
2069,5,80.28,16.056,144.6,12.2,0.8,0
2070,2,45.38,22.69,217.5,12.0,0.5,0
2071,3,69.87,23.290000000000003,210.0,15.333333333333334,0.6666666666666666,0
2072,1,46.2,46.2,400.0,21.0,1.0,0
2073,2,58.45,29.225,165.5,16.0,1.0,0
2074,4,46.3,11.575,105.5,11.5,0.75,0
2075,1,17.28,17.28,150.0,8.0,1.0,0
2076,2,34.21,17.105,150.5,15.5,0.0,0
2078,2,7.32,3.66,33.0,13.5,0.0,0
2079,1,3.1,3.1,55.0,14.0,0.0,0
2080,1,50.98,50.98,95.0,13.0,0.0,0
2081,20,644.3199999999999,32.215999999999994,94.9,13.6,0.25,0
2082,1,28.01,28.01,238.0,11.0,0.0,0
2083,3,104.69999999999999,34.9,303.0,19.333333333333332,0.3333333333333333,0
2084,1,11.14,11.14,36.0,8.0,1.0,0
2085,32,623.8,19.49375,514.8125,15.09375,0.3125,0
2086,4,39.8,9.95,100.5,7.75,0.5,0
2087,1,20.77,20.77,870.0,20.0,0.0,0
2088,1,6.45,6.45,60.0,20.0,0.0,0
2089,1,25.56,25.56,241.0,20.0,0.0,0
2090,6,32.91,5.484999999999999,42.333333333333336,15.5,0.0,0
2092,2,8.44,4.22,7.5,14.5,0.0,0
2093,3,93.45,31.150000000000002,298.6666666666667,12.333333333333334,0.3333333333333333,0
2094,1,50.64,50.64,54.0,18.0,0.0,0
2097,2,7.13,3.565,35.0,15.5,0.0,0
2098,2,50.35,25.175,242.0,19.0,0.0,0
2099,2,46.24,23.12,203.5,21.5,1.0,0
2100,3,47.95,15.983333333333334,161.33333333333334,17.333333333333332,0.0,0
2101,3,100.18,33.39333333333334,289.3333333333333,14.0,0.3333333333333333,0
2102,1,16.8,16.8,147.0,18.0,1.0,0
2103,2,15.61,7.805,76.5,16.5,0.0,0
2104,8,152.35,19.04375,41.125,12.625,0.25,0
2105,2,37.17,18.585,42.5,12.0,0.5,0
2106,1,4.6,4.6,37.0,12.0,0.0,0
2107,1,18.4,18.4,40.0,15.0,0.0,0
2108,2,7.74,3.87,35.5,18.0,0.0,0
2110,1,11.1,11.1,101.0,14.0,0.0,0
2111,1,11.0,11.0,16.0,12.0,0.0,0
2112,18,152.7,8.483333333333333,149.33333333333334,15.833333333333334,0.3888888888888889,0
2114,2,73.67,36.835,49.5,14.5,0.0,0
2115,1,14.93,14.93,43.0,11.0,0.0,0
2116,4,31.63,7.9075,79.25,11.5,0.5,0
2117,2,6.959999999999999,3.4799999999999995,34.5,13.5,0.0,0
2118,1,2.66,2.66,43.0,12.0,0.0,0
2119,4,94.43,23.6075,27.5,11.0,0.5,0
2120,1,6.96,6.96,61.0,13.0,0.0,0
2121,3,7.8100000000000005,2.6033333333333335,27.666666666666668,17.666666666666668,0.0,0
2122,1,38.19,38.19,38.0,18.0,0.0,0
2123,1,33.58,33.58,300.0,20.0,0.0,0
2124,7,112.07,16.009999999999998,33.857142857142854,12.571428571428571,0.14285714285714285,0
2125,10,194.85,19.485,185.4,13.4,0.3,0
2126,10,371.84000000000003,37.184000000000005,312.4,19.2,0.4,0
2127,3,59.669999999999995,19.889999999999997,30.333333333333332,11.0,1.0,0
2128,2,22.28,11.14,217.0,17.5,0.5,0
2129,2,1.5,0.75,6.5,10.0,0.0,0
2130,2,63.08,31.54,285.0,18.5,0.0,0
2131,1,36.96,36.96,341.0,19.0,0.0,0
2132,107,1502.81,14.044953271028037,153.8785046728972,9.186915887850468,0.3644859813084112,1
2133,2,24.21,12.105,71.5,13.5,0.0,0
2134,2,6.4,3.2,78.0,16.0,0.0,0
2135,1,2.2,2.2,35.0,10.0,1.0,0
2137,2,29.85,14.925,41.0,9.5,0.0,0
2138,3,56.44,18.813333333333333,184.66666666666666,18.666666666666668,0.3333333333333333,0
2139,2,19.740000000000002,9.870000000000001,94.0,11.5,0.0,0
2140,2,51.9,25.95,307.0,18.0,0.0,0
2141,1,10.58,10.58,24.0,16.0,1.0,0
2142,5,96.96000000000001,19.392000000000003,153.4,15.4,0.8,0
2143,2,38.699999999999996,19.349999999999998,170.5,18.0,0.0,0
2144,4,60.21,15.0525,135.5,15.25,0.5,0
2145,19,398.88,20.993684210526315,182.10526315789474,18.894736842105264,0.21052631578947367,0
2146,1,6.79,6.79,60.0,17.0,1.0,0
2147,2,12.27,6.135,53.5,12.0,0.5,0
2148,1,4.43,4.43,38.0,14.0,0.0,0
2149,1,33.25,33.25,292.0,18.0,1.0,0
2150,1,3.62,3.62,63.0,18.0,0.0,0
2152,2,12.0,6.0,87.5,17.0,0.0,0
2153,14,183.89,13.135,109.14285714285714,19.214285714285715,0.21428571428571427,0
2154,6,37.47,6.245,109.16666666666667,14.0,0.16666666666666666,0
2155,1,0.5,0.5,4.0,9.0,0.0,0
2156,2,9.34,4.67,41.0,14.5,1.0,0
2157,1,3.06,3.06,27.0,14.0,1.0,0
2158,1,33.79,33.79,300.0,20.0,0.0,0
2159,1,5.95,5.95,52.0,15.0,0.0,0
2161,3,66.41,22.136666666666667,799.3333333333334,15.0,0.0,0
2162,2,59.0,29.5,260.0,22.5,0.0,0
2163,1,11.21,11.21,96.0,17.0,0.0,0
2164,2,38.339999999999996,19.169999999999998,180.0,21.0,1.0,0
2165,3,40.38,13.46,120.33333333333333,19.0,0.0,0
2166,1,10.96,10.96,93.0,11.0,0.0,0
2167,2,17.46,8.73,76.0,12.5,0.0,0
2168,4,34.33,8.5825,50.0,14.25,0.0,0
2169,1,33.63,33.63,344.0,22.0,0.0,0
2170,3,26.6,8.866666666666667,76.33333333333333,9.333333333333334,0.6666666666666666,0
2171,4,35.49,8.8725,45.5,13.5,0.75,0
2172,1,8.28,8.28,143.0,21.0,0.0,0
2173,19,186.48,9.814736842105262,253.05263157894737,14.526315789473685,0.2631578947368421,0
2175,1,39.42,39.42,40.0,14.0,0.0,0
2176,1,43.25,43.25,384.0,21.0,0.0,0
2177,1,10.83,10.83,25.0,22.0,1.0,0
2179,4,30.11,7.5275,67.5,16.0,0.0,0
2180,3,84.92,28.30666666666667,631.3333333333334,19.333333333333332,0.6666666666666666,0
2181,4,42.41,10.6025,36.0,14.25,0.5,0
2182,1,19.43,19.43,40.0,13.0,0.0,0
2183,1,21.46,21.46,41.0,9.0,0.0,0
2185,2,1.3,0.65,6.0,13.0,0.0,0
2186,12,268.84,22.403333333333332,187.5,17.5,0.16666666666666666,0
2187,2,10.25,5.125,45.0,19.5,0.0,0
2188,1,25.63,25.63,258.0,16.0,0.0,0
2189,1,49.36,49.36,465.0,18.0,1.0,0
2190,1,6.72,6.72,60.0,10.0,0.0,0
2191,1,63.76,63.76,540.0,21.0,0.0,0
2192,1,2.72,2.72,14.0,19.0,0.0,0
2193,7,82.3,11.757142857142856,102.14285714285714,14.714285714285714,0.2857142857142857,0
2195,1,26.59,26.59,234.0,19.0,0.0,0
2196,3,32.29,10.763333333333334,199.66666666666666,17.0,0.3333333333333333,0
2197,1,13.07,13.07,25.0,17.0,0.0,0
2198,4,18.75,4.6875,80.0,12.75,0.25,0
2199,1,9.7,9.7,83.0,15.0,0.0,0
2201,5,111.92999999999999,22.386,41.8,14.0,0.0,0
2202,1,67.73,67.73,110.0,11.0,0.0,0
2203,1,3.39,3.39,30.0,19.0,0.0,0
2204,2,48.31,24.155,88.5,17.5,0.0,0
2205,1,3.73,3.73,33.0,14.0,0.0,0
2206,1,3.37,3.37,30.0,21.0,1.0,0
2207,12,176.49,14.707500000000001,35.5,15.0,0.5,0
2208,2,19.6,9.8,90.0,16.5,0.5,0
2209,2,67.97999999999999,33.989999999999995,310.5,16.0,0.5,0
2210,5,58.93,11.786,131.4,18.0,0.8,0
2211,1,40.28,40.28,382.0,21.0,0.0,0
2212,2,42.67,21.335,188.0,20.5,0.0,0
2213,1,15.41,15.41,130.0,15.0,0.0,0
2214,4,23.03,5.7575,237.25,16.0,0.25,0
2215,2,63.67,31.835,308.5,21.0,0.0,0
2216,4,79.14,19.785,172.5,15.75,0.0,0
2217,13,86.83,6.679230769230769,60.0,15.461538461538462,0.0,0
2218,11,223.08,20.28,28.818181818181817,14.818181818181818,0.2727272727272727,0
2219,4,95.32,23.83,49.25,11.5,0.5,0
2220,2,64.25999999999999,32.129999999999995,72.5,13.0,0.0,0
2221,1,29.93,29.93,271.0,23.0,1.0,0
2222,1,34.2,34.2,305.0,17.0,1.0,0
2223,1,2.05,2.05,17.0,12.0,0.0,0
2224,1,9.58,9.58,85.0,17.0,0.0,0
2225,18,396.3,22.016666666666666,195.5,13.5,0.2777777777777778,0
2226,3,56.800000000000004,18.933333333333334,163.33333333333334,20.333333333333332,0.3333333333333333,0
2227,15,158.37,10.558,418.8666666666667,6.6,0.4,0
2228,3,78.89,26.296666666666667,251.0,15.0,0.6666666666666666,0
2229,2,54.55,27.275,64.5,18.5,0.0,0
2230,2,71.37,35.685,830.0,20.5,0.0,0
2231,1,12.98,12.98,129.0,20.0,1.0,0
2232,1,6.73,6.73,60.0,13.0,0.0,0
2233,1,6.2,6.2,53.0,12.0,0.0,0
2234,2,66.88,33.44,303.5,16.0,0.0,0
2235,6,118.67,19.778333333333332,33.0,15.333333333333334,0.0,0
2236,1,4.11,4.11,69.0,17.0,0.0,0
2237,3,88.27,29.423333333333332,250.33333333333334,9.0,0.0,0
2238,1,60.42,60.42,550.0,18.0,0.0,0
2239,3,52.879999999999995,17.626666666666665,210.33333333333334,15.0,0.0,0
2240,1,32.22,32.22,54.0,12.0,0.0,0
2241,15,152.06,10.137333333333334,23.4,13.2,0.26666666666666666,0
2242,2,55.07,27.535,36.5,21.0,1.0,0
2243,1,10.22,10.22,25.0,14.0,1.0,0
2244,23,292.7,12.726086956521739,104.8695652173913,11.434782608695652,0.0,0
2245,2,71.5,35.75,332.5,21.5,0.5,0
2246,1,46.37,46.37,388.0,22.0,1.0,0
2247,2,29.85,14.925,133.5,11.5,0.0,0
2248,4,25.99,6.4975,56.5,15.5,0.0,0
2249,2,33.3,16.65,143.0,15.0,0.0,0
2250,4,36.99,9.2475,82.75,12.0,0.75,0
2251,2,46.13,23.065,189.5,18.5,0.0,0
2252,1,47.76,47.76,437.0,0.0,0.0,0
2253,2,45.510000000000005,22.755000000000003,210.0,19.0,1.0,0
2254,2,28.82,14.41,134.5,16.5,0.0,0
2255,1,2.73,2.73,25.0,15.0,0.0,0
2256,2,49.17,24.585,221.5,21.0,0.0,0
2257,6,46.13,7.6883333333333335,19.833333333333332,15.5,0.0,0
2258,1,9.61,9.61,90.0,19.0,1.0,0
2259,1,15.59,15.59,146.0,21.0,1.0,0
2260,1,12.73,12.73,120.0,8.0,0.0,0
2263,1,9.8,9.8,87.0,10.0,1.0,0
2264,2,22.78,11.39,31.5,17.0,1.0,0
2265,2,65.59,32.795,303.5,22.5,0.5,0
2266,10,245.74,24.574,226.8,11.7,0.3,0
2267,1,9.4,9.4,82.0,16.0,0.0,0
2268,7,59.93,8.561428571428571,42.285714285714285,12.285714285714286,0.5714285714285714,0
2269,2,60.769999999999996,30.384999999999998,268.0,18.5,0.0,0
2270,3,40.6,13.533333333333333,125.66666666666667,14.333333333333334,0.0,0
2271,1,12.69,12.69,23.0,15.0,0.0,0
2272,1,3.42,3.42,30.0,14.0,1.0,0
2273,2,37.03,18.515,177.0,16.0,0.0,0
2274,3,22.700000000000003,7.566666666666667,17.666666666666668,9.0,0.3333333333333333,0
2275,1,18.61,18.61,172.0,16.0,1.0,0
2276,45,697.48,15.499555555555556,26.955555555555556,17.466666666666665,0.3333333333333333,0
2277,1,13.38,13.38,25.0,10.0,0.0,0
2279,1,17.05,17.05,150.0,20.0,0.0,0
2280,2,24.63,12.315,37.0,13.5,0.0,0
2281,1,18.2,18.2,159.0,13.0,0.0,0
2282,1,9.35,9.35,15.0,11.0,0.0,0
2283,1,11.57,11.57,157.0,18.0,0.0,0
2284,3,12.1,4.033333333333333,171.0,11.333333333333334,0.0,0
2285,3,56.34,18.78,261.3333333333333,16.0,0.3333333333333333,0
2286,1,4.94,4.94,84.0,16.0,0.0,0
2288,2,17.81,8.905,35.5,13.5,0.0,0
2289,2,37.22,18.61,167.0,10.5,0.0,0
2290,1,19.2,19.2,198.0,20.0,0.0,0
2291,15,157.04,10.469333333333333,175.0,15.0,0.2,0
2292,12,405.87,33.8225,320.0833333333333,17.5,0.6666666666666666,0
2293,1,30.46,30.46,279.0,20.0,0.0,0
2294,26,474.76,18.259999999999998,40.0,14.846153846153847,0.23076923076923078,0
2295,1,12.48,12.48,108.0,16.0,0.0,0
2296,4,47.06,11.765,160.75,13.0,0.25,0
2297,1,23.51,23.51,285.0,17.0,0.0,0
2298,10,124.34,12.434000000000001,107.7,11.7,0.0,0
2299,5,29.049999999999997,5.81,57.0,12.8,0.4,0
2300,2,43.17,21.585,211.0,12.0,0.5,0
2301,1,34.22,34.22,352.0,19.0,0.0,0
2302,2,34.33,17.165,150.0,18.0,1.0,0
2303,2,85.2,42.6,378.5,20.0,0.0,0
2306,2,17.62,8.81,23.5,14.5,0.5,0
2308,1,3.44,3.44,30.0,14.0,0.0,0
2309,1,13.22,13.22,120.0,21.0,0.0,0
2310,3,34.2,11.4,216.33333333333334,16.0,1.0,0
2311,2,1.38,0.69,6.0,23.0,1.0,0
2312,3,54.15,18.05,160.0,18.0,0.0,0
2313,2,41.57,20.785,206.5,11.0,0.0,0
2314,1,38.18,38.18,360.0,19.0,1.0,0
2315,1,3.48,3.48,60.0,17.0,1.0,0
2317,2,15.8,7.9,69.0,16.0,0.0,0
2318,1,16.16,16.16,37.0,1.0,0.0,0
2319,4,51.99,12.9975,143.5,11.75,0.0,0
2320,1,33.92,33.92,53.0,13.0,0.0,0
2321,1,5.38,5.38,50.0,2.0,0.0,0
2322,1,11.0,11.0,120.0,19.0,1.0,0
2323,2,24.43,12.215,469.0,19.0,0.5,0
2324,1,34.87,34.87,318.0,21.0,0.0,0
2325,1,1.62,1.62,42.0,9.0,0.0,0
2326,1,14.8,14.8,24.0,10.0,1.0,0
2327,2,27.32,13.66,120.0,13.0,1.0,0
2329,1,30.4,30.4,300.0,20.0,0.0,0
2330,2,26.060000000000002,13.030000000000001,128.0,16.5,0.5,0
2333,1,19.42,19.42,172.0,23.0,1.0,0
2334,3,36.03,12.01,131.0,22.0,0.0,0
2335,1,35.53,35.53,58.0,11.0,0.0,0
2336,2,16.29,8.145,81.5,22.0,1.0,0
2337,1,8.23,8.23,68.0,11.0,0.0,0
2338,1,17.75,17.75,41.0,13.0,1.0,0
2339,1,26.79,26.79,240.0,18.0,1.0,0
2340,26,267.76,10.298461538461538,35.38461538461539,13.846153846153847,0.2692307692307692,0
2341,1,19.05,19.05,40.0,16.0,0.0,0
2343,1,15.9,15.9,22.0,16.0,0.0,0
2344,1,31.7,31.7,44.0,12.0,0.0,0
2346,3,55.699999999999996,18.566666666666666,177.0,21.0,0.6666666666666666,0
2348,2,20.29,10.145,179.5,18.0,0.5,0
2349,4,28.84,7.21,332.25,13.5,0.25,0
2350,1,11.4,11.4,109.0,15.0,0.0,0
2351,1,25.17,25.17,37.0,17.0,0.0,0
2352,1,11.12,11.12,95.0,14.0,0.0,0
2353,1,20.7,20.7,359.0,14.0,1.0,0
2354,1,16.37,16.37,160.0,21.0,0.0,0
2355,2,40.6,20.3,282.5,13.5,0.0,0
2356,39,304.79,7.815128205128206,161.25641025641025,17.615384615384617,0.20512820512820512,0
2357,2,22.09,11.045,21.5,9.0,0.0,0
2358,1,12.08,12.08,22.0,9.0,1.0,0
2359,7,146.44,20.919999999999998,34.42857142857143,14.571428571428571,0.0,0
2360,5,159.28,31.856,305.8,10.2,0.2,0
2361,1,2.93,2.93,24.0,10.0,1.0,0
2362,1,1.75,1.75,30.0,17.0,0.0,0
2363,1,0.15,0.15,1.0,22.0,0.0,0
2364,1,6.59,6.59,60.0,10.0,0.0,0
2365,4,18.14,4.535,24.75,11.75,0.25,0
2366,5,122.44,24.488,44.0,15.0,0.4,0
2367,1,3.47,3.47,9.0,12.0,0.0,0
2368,1,13.3,13.3,120.0,23.0,0.0,0
2369,4,23.299999999999997,5.824999999999999,50.0,13.5,0.0,0
2370,7,136.36,19.48,26.571428571428573,8.857142857142858,0.14285714285714285,0
2371,2,41.72,20.86,181.5,15.5,0.0,0
2373,1,22.3,22.3,196.0,18.0,0.0,0
2374,2,38.02,19.01,159.5,17.0,0.5,0
2376,1,11.45,11.45,30.0,17.0,0.0,0
2377,2,12.8,6.4,103.5,13.5,0.5,0
2378,5,76.62,15.324000000000002,33.0,13.8,0.6,0
2379,2,18.53,9.265,24.5,14.5,0.5,0
2380,1,25.5,25.5,229.0,23.0,0.0,0
2381,3,26.5,8.833333333333334,76.0,17.666666666666668,0.0,0
2382,4,149.37,37.3425,328.5,15.75,0.0,0
2384,7,0.36,0.05142857142857143,1.0,12.428571428571429,0.0,0
2386,4,65.99,16.4975,178.0,16.5,0.5,0
2387,7,55.29,7.898571428571429,72.71428571428571,17.0,0.5714285714285714,0
2388,14,226.3,16.164285714285715,41.285714285714285,16.5,0.5,0
2389,1,3.41,3.41,30.0,9.0,1.0,0
2391,2,4.2,2.1,19.5,6.5,0.5,0
2392,2,20.43,10.215,90.0,17.0,0.0,0
2393,10,62.58,6.258,151.0,19.6,0.5,0
2394,1,27.36,27.36,33.0,21.0,1.0,0
2395,3,23.86,7.953333333333333,35.333333333333336,18.0,1.0,0
2396,1,37.56,37.56,333.0,19.0,1.0,0
2397,1,17.72,17.72,158.0,15.0,0.0,0
2398,1,6.83,6.83,60.0,16.0,1.0,0
2399,2,57.480000000000004,28.740000000000002,261.5,19.5,0.5,0
2401,2,20.55,10.275,90.0,8.5,0.0,0
2402,3,27.88,9.293333333333333,543.0,14.333333333333334,0.0,0
2403,1,22.3,22.3,198.0,17.0,1.0,0
2404,2,42.900000000000006,21.450000000000003,198.5,14.5,0.5,0
2405,1,7.32,7.32,66.0,9.0,0.0,0
2406,1,5.7,5.7,47.0,19.0,0.0,0
2407,3,16.82,5.6066666666666665,96.0,15.0,0.3333333333333333,0
2408,2,38.53,19.265,180.0,19.5,0.0,0
2409,3,43.36,14.453333333333333,136.66666666666666,12.0,0.0,0
2411,1,11.24,11.24,26.0,21.0,0.0,0
2413,1,11.71,11.71,19.0,12.0,0.0,0
2414,1,39.21,39.21,360.0,21.0,0.0,0
2416,1,33.3,33.3,300.0,22.0,0.0,0
2417,1,16.48,16.48,37.0,11.0,1.0,0
2419,5,69.1,13.819999999999999,33.2,14.8,0.0,0
2420,7,135.37,19.33857142857143,37.42857142857143,13.714285714285714,0.0,0
2421,20,468.07,23.4035,194.6,16.45,0.1,0
2422,1,21.93,21.93,220.0,19.0,1.0,0
2423,3,37.96,12.653333333333334,237.33333333333334,20.333333333333332,0.0,0
2424,1,7.7,7.7,85.0,11.0,0.0,0
2425,1,10.8,10.8,27.0,18.0,0.0,0
2426,1,10.43,10.43,26.0,9.0,0.0,0
2427,1,18.42,18.42,40.0,14.0,1.0,0
2428,1,11.61,11.61,108.0,15.0,0.0,0
2429,2,26.59,13.295,29.5,14.5,0.0,0
2430,2,26.2,13.1,41.0,18.5,0.0,0
2431,2,14.309999999999999,7.154999999999999,67.0,15.0,1.0,0
2433,1,15.16,15.16,26.0,12.0,0.0,0
2434,1,2.14,2.14,19.0,15.0,0.0,0
2435,1,3.9,3.9,34.0,19.0,0.0,0
2436,2,9.190000000000001,4.595000000000001,10.5,13.0,1.0,0
2437,5,45.19,9.038,81.8,20.4,0.6,0
2438,1,15.39,15.39,24.0,14.0,0.0,0
2439,3,78.6,26.2,282.0,9.0,0.0,0
2440,1,9.86,9.86,82.0,7.0,1.0,0
2442,2,43.75,21.875,40.0,6.5,1.0,0
2443,2,7.98,3.99,33.5,6.0,0.0,0
2444,4,60.78,15.195,129.75,20.5,0.25,0
2445,2,30.6,15.3,240.0,19.0,0.0,0
2446,1,11.34,11.34,101.0,19.0,1.0,0
2447,2,27.59,13.795,31.0,9.5,0.0,0
2448,1,14.71,14.71,29.0,17.0,0.0,0
2449,1,9.76,9.76,81.0,12.0,1.0,0
2450,2,10.93,5.465,48.0,12.5,0.0,0
2451,3,20.43,6.81,65.0,15.0,0.6666666666666666,0
2452,2,13.2,6.6,60.0,18.5,0.0,0
2453,4,167.09,41.7725,354.75,19.75,0.25,0
2454,4,13.81,3.4525,62.0,14.25,0.75,0
2455,3,77.08,25.69333333333333,66.33333333333333,13.666666666666666,0.0,0
2456,10,159.7,15.969999999999999,142.3,12.3,0.6,0
2457,3,32.43,10.81,190.0,13.0,0.0,0
2458,5,53.9,10.78,90.0,12.8,0.2,0
2460,7,51.78,7.397142857142858,205.85714285714286,17.428571428571427,0.2857142857142857,0
2461,1,33.79,33.79,311.0,20.0,1.0,0
2462,2,40.269999999999996,20.134999999999998,33.5,14.0,1.0,0
2463,2,27.39,13.695,29.0,13.0,0.5,0
2464,10,45.589999999999996,4.558999999999999,104.5,14.8,0.3,0
2465,8,218.47,27.30875,231.375,5.125,0.125,0
2466,1,12.64,12.64,19.0,9.0,0.0,0
2467,1,19.85,19.85,196.0,17.0,0.0,0
2468,1,5.13,5.13,50.0,13.0,0.0,0
2470,7,109.91,15.70142857142857,30.571428571428573,14.142857142857142,0.42857142857142855,0
2471,4,84.11,21.0275,40.5,17.5,0.25,0
2472,4,10.15,2.5375,21.75,16.0,0.0,0
2474,3,55.49,18.496666666666666,41.333333333333336,7.666666666666667,0.0,0
2475,3,83.7,27.900000000000002,277.0,19.666666666666668,0.0,0
2476,1,23.3,23.3,233.0,21.0,0.0,0
2477,1,0.11,0.11,1.0,18.0,0.0,0
2478,2,23.75,11.875,51.0,11.5,0.5,0
2479,1,5.63,5.63,56.0,11.0,0.0,0
2480,1,14.79,14.79,43.0,15.0,0.0,0
2482,1,5.5,5.5,46.0,18.0,1.0,0
2483,1,3.89,3.89,36.0,22.0,0.0,0
2484,1,7.52,7.52,14.0,10.0,0.0,0
2485,1,52.5,52.5,455.0,22.0,0.0,0
2487,1,8.64,8.64,80.0,20.0,0.0,0
2488,2,2.8600000000000003,1.4300000000000002,26.0,14.0,0.5,0
2489,1,17.64,17.64,41.0,19.0,0.0,0
2490,1,33.14,33.14,42.0,21.0,1.0,0
2491,2,22.22,11.11,32.0,11.0,0.5,0
2492,2,53.41,26.705,34.5,13.0,0.5,0
2493,3,111.51,37.17,319.0,17.0,0.3333333333333333,0
2494,4,16.84,4.21,19.75,15.25,0.0,0
2496,1,17.1,17.1,43.0,14.0,1.0,0
2497,2,38.4,19.2,174.0,12.5,0.5,0
2498,2,30.8,15.4,135.0,8.5,0.0,0
2499,1,4.6,4.6,76.0,16.0,0.0,0
2500,1,2.56,2.56,23.0,13.0,1.0,0
2501,1,19.26,19.26,97.0,13.0,0.0,0
